2016-09-27,1,0.6196
2016-09-27,3,0.5536
2016-09-27,7,0.5325
2016-09-27,14,0.4985
2016-09-27,30,0.4565
2016-09-27,60,0.4124
2016-09-27,90,0.3774
2016-09-27,120,0.3473
2016-09-27,150,0.3183
2016-09-27,180,0.2893

2016-09-28,1,0.2733
2016-09-28,3,0.2260
2016-09-28,7,0.2050
2016-09-28,14,0.1919
2016-09-28,30,0.1695
2016-09-28,60,0.1445
2016-09-28,90,0.1222
2016-09-28,120,0.1051
2016-09-28,150,0.0972
2016-09-28,180,0.0880

2016-09-29,1,0.2181
2016-09-29,3,0.1874
2016-09-29,7,0.1652
2016-09-29,14,0.1499
2016-09-29,30,0.1261
2016-09-29,60,0.1124
2016-09-29,90,0.0903
2016-09-29,120,0.0750
2016-09-29,150,0.0698
2016-09-29,180,0.0613

2016-09-30,1,0.2267
2016-09-30,3,0.1924
2016-09-30,7,0.1733
2016-09-30,14,0.1581
2016-09-30,30,0.1410
2016-09-30,60,0.1276
2016-09-30,90,0.1067
2016-09-30,120,0.0933
2016-09-30,150,0.0876
2016-09-30,180,0.0705

2016-10-01,1,0.1640
2016-10-01,3,0.1317
2016-10-01,7,0.1156
2016-10-01,14,0.1022
2016-10-01,30,0.0941
2016-10-01,60,0.0806
2016-10-01,90,0.0699
2016-10-01,120,0.0538
2016-10-01,150,0.0484
2016-10-01,180,0.0403

2016-10-02,1,0.1320
2016-10-02,3,0.1067
2016-10-02,7,0.1011
2016-10-02,14,0.0955
2016-10-02,30,0.0787
2016-10-02,60,0.0702
2016-10-02,90,0.0562
2016-10-02,120,0.0534
2016-10-02,150,0.0449
2016-10-02,180,0.0393

2016-10-03,1,0.2286
2016-10-03,3,0.1928
2016-10-03,7,0.1730
2016-10-03,14,0.1571
2016-10-03,30,0.1372
2016-10-03,60,0.1193
2016-10-03,90,0.0994
2016-10-03,120,0.0755
2016-10-03,150,0.0557
2016-10-03,180,0.0497

2016-10-04,1,0.1898
2016-10-04,3,0.1385
2016-10-04,7,0.1290
2016-10-04,14,0.1120
2016-10-04,30,0.0968
2016-10-04,60,0.0702
2016-10-04,90,0.0550
2016-10-04,120,0.0474
2016-10-04,150,0.0342
2016-10-04,180,0.0285

2016-10-05,1,0.2131
2016-10-05,3,0.1664
2016-10-05,7,0.1477
2016-10-05,14,0.1271
2016-10-05,30,0.1047
2016-10-05,60,0.0729
2016-10-05,90,0.0579
2016-10-05,120,0.0523
2016-10-05,150,0.0467
2016-10-05,180,0.0393

2016-10-06,1,0.1667
2016-10-06,3,0.1298
2016-10-06,7,0.1163
2016-10-06,14,0.1047
2016-10-06,30,0.0814
2016-10-06,60,0.0640
2016-10-06,90,0.0523
2016-10-06,120,0.0465
2016-10-06,150,0.0349
2016-10-06,180,0.0329

2016-10-07,1,0.1902
2016-10-07,3,0.1649
2016-10-07,7,0.1341
2016-10-07,14,0.1214
2016-10-07,30,0.1033
2016-10-07,60,0.0906
2016-10-07,90,0.0743
2016-10-07,120,0.0580
2016-10-07,150,0.0471
2016-10-07,180,0.0362

2016-10-08,1,0.1541
2016-10-08,3,0.1164
2016-10-08,7,0.1164
2016-10-08,14,0.1038
2016-10-08,30,0.0912
2016-10-08,60,0.0818
2016-10-08,90,0.0597
2016-10-08,120,0.0566
2016-10-08,150,0.0503
2016-10-08,180,0.0409

2016-10-09,1,0.1798
2016-10-09,3,0.1396
2016-10-09,7,0.1236
2016-10-09,14,0.1075
2016-10-09,30,0.0931
2016-10-09,60,0.0770
2016-10-09,90,0.0610
2016-10-09,120,0.0482
2016-10-09,150,0.0401
2016-10-09,180,0.0353

2016-10-10,1,0.2011
2016-10-10,3,0.1518
2016-10-10,7,0.1354
2016-10-10,14,0.1204
2016-10-10,30,0.0985
2016-10-10,60,0.0780
2016-10-10,90,0.0657
2016-10-10,120,0.0492
2016-10-10,150,0.0410
2016-10-10,180,0.0356

2016-10-11,1,0.1995
2016-10-11,3,0.1483
2016-10-11,7,0.1336
2016-10-11,14,0.1162
2016-10-11,30,0.0980
2016-10-11,60,0.0737
2016-10-11,90,0.0650
2016-10-11,120,0.0425
2016-10-11,150,0.0356
2016-10-11,180,0.0286

2016-10-12,1,0.1965
2016-10-12,3,0.1532
2016-10-12,7,0.1320
2016-10-12,14,0.1166
2016-10-12,30,0.1002
2016-10-12,60,0.0742
2016-10-12,90,0.0645
2016-10-12,120,0.0530
2016-10-12,150,0.0462
2016-10-12,180,0.0395

2016-10-13,1,0.2018
2016-10-13,3,0.1533
2016-10-13,7,0.1376
2016-10-13,14,0.1271
2016-10-13,30,0.1075
2016-10-13,60,0.0891
2016-10-13,90,0.0773
2016-10-13,120,0.0616
2016-10-13,150,0.0498
2016-10-13,180,0.0406

2016-10-14,1,0.1523
2016-10-14,3,0.1121
2016-10-14,7,0.0891
2016-10-14,14,0.0776
2016-10-14,30,0.0690
2016-10-14,60,0.0431
2016-10-14,90,0.0316
2016-10-14,120,0.0259
2016-10-14,150,0.0216
2016-10-14,180,0.0187

2016-10-15,1,0.1779
2016-10-15,3,0.1180
2016-10-15,7,0.1006
2016-10-15,14,0.0890
2016-10-15,30,0.0735
2016-10-15,60,0.0580
2016-10-15,90,0.0464
2016-10-15,120,0.0406
2016-10-15,150,0.0309
2016-10-15,180,0.0271

2016-10-16,1,0.1435
2016-10-16,3,0.1130
2016-10-16,7,0.0848
2016-10-16,14,0.0717
2016-10-16,30,0.0630
2016-10-16,60,0.0435
2016-10-16,90,0.0326
2016-10-16,120,0.0239
2016-10-16,150,0.0217
2016-10-16,180,0.0152

2016-10-17,1,0.1670
2016-10-17,3,0.1336
2016-10-17,7,0.1158
2016-10-17,14,0.1002
2016-10-17,30,0.0869
2016-10-17,60,0.0579
2016-10-17,90,0.0490
2016-10-17,120,0.0423
2016-10-17,150,0.0356
2016-10-17,180,0.0334

2016-10-18,1,0.1343
2016-10-18,3,0.0843
2016-10-18,7,0.0714
2016-10-18,14,0.0614
2016-10-18,30,0.0471
2016-10-18,60,0.0371
2016-10-18,90,0.0343
2016-10-18,120,0.0257
2016-10-18,150,0.0214
2016-10-18,180,0.0157

2016-10-19,1,0.1492
2016-10-19,3,0.1092
2016-10-19,7,0.0882
2016-10-19,14,0.0798
2016-10-19,30,0.0714
2016-10-19,60,0.0609
2016-10-19,90,0.0504
2016-10-19,120,0.0441
2016-10-19,150,0.0336
2016-10-19,180,0.0210

2016-10-20,1,0.1447
2016-10-20,3,0.1168
2016-10-20,7,0.1015
2016-10-20,14,0.0939
2016-10-20,30,0.0787
2016-10-20,60,0.0584
2016-10-20,90,0.0482
2016-10-20,120,0.0355
2016-10-20,150,0.0355
2016-10-20,180,0.0330

2016-10-21,1,0.1401
2016-10-21,3,0.1116
2016-10-21,7,0.0855
2016-10-21,14,0.0831
2016-10-21,30,0.0665
2016-10-21,60,0.0451
2016-10-21,90,0.0404
2016-10-21,120,0.0309
2016-10-21,150,0.0261
2016-10-21,180,0.0238

2016-10-22,1,0.1257
2016-10-22,3,0.0936
2016-10-22,7,0.0802
2016-10-22,14,0.0722
2016-10-22,30,0.0561
2016-10-22,60,0.0428
2016-10-22,90,0.0348
2016-10-22,120,0.0321
2016-10-22,150,0.0267
2016-10-22,180,0.0267

2016-10-23,1,0.0994
2016-10-23,3,0.0590
2016-10-23,7,0.0466
2016-10-23,14,0.0435
2016-10-23,30,0.0404
2016-10-23,60,0.0280
2016-10-23,90,0.0217
2016-10-23,120,0.0186
2016-10-23,150,0.0124
2016-10-23,180,0.0124

2016-10-24,1,0.1443
2016-10-24,3,0.1126
2016-10-24,7,0.1008
2016-10-24,14,0.0850
2016-10-24,30,0.0711
2016-10-24,60,0.0553
2016-10-24,90,0.0474
2016-10-24,120,0.0415
2016-10-24,150,0.0415
2016-10-24,180,0.0356

2016-10-25,1,0.1490
2016-10-25,3,0.0898
2016-10-25,7,0.0790
2016-10-25,14,0.0664
2016-10-25,30,0.0592
2016-10-25,60,0.0395
2016-10-25,90,0.0359
2016-10-25,120,0.0233
2016-10-25,150,0.0215
2016-10-25,180,0.0197

2016-10-26,1,0.1495
2016-10-26,3,0.0951
2016-10-26,7,0.0757
2016-10-26,14,0.0660
2016-10-26,30,0.0563
2016-10-26,60,0.0447
2016-10-26,90,0.0350
2016-10-26,120,0.0291
2016-10-26,150,0.0272
2016-10-26,180,0.0194

2016-10-27,1,0.1774
2016-10-27,3,0.1375
2016-10-27,7,0.1064
2016-10-27,14,0.0887
2016-10-27,30,0.0687
2016-10-27,60,0.0576
2016-10-27,90,0.0532
2016-10-27,120,0.0488
2016-10-27,150,0.0355
2016-10-27,180,0.0222

2016-10-28,1,0.1479
2016-10-28,3,0.1167
2016-10-28,7,0.0896
2016-10-28,14,0.0729
2016-10-28,30,0.0563
2016-10-28,60,0.0437
2016-10-28,90,0.0312
2016-10-28,120,0.0250
2016-10-28,150,0.0208
2016-10-28,180,0.0125

2016-10-29,1,0.1890
2016-10-29,3,0.1339
2016-10-29,7,0.1102
2016-10-29,14,0.0827
2016-10-29,30,0.0709
2016-10-29,60,0.0591
2016-10-29,90,0.0472
2016-10-29,120,0.0394
2016-10-29,150,0.0315
2016-10-29,180,0.0236

2016-10-30,1,0.1699
2016-10-30,3,0.1122
2016-10-30,7,0.0994
2016-10-30,14,0.0833
2016-10-30,30,0.0641
2016-10-30,60,0.0545
2016-10-30,90,0.0417
2016-10-30,120,0.0321
2016-10-30,150,0.0256
2016-10-30,180,0.0224

2016-10-31,1,0.1644
2016-10-31,3,0.1296
2016-10-31,7,0.1134
2016-10-31,14,0.1065
2016-10-31,30,0.0903
2016-10-31,60,0.0694
2016-10-31,90,0.0602
2016-10-31,120,0.0579
2016-10-31,150,0.0532
2016-10-31,180,0.0440

2016-11-01,1,0.1529
2016-11-01,3,0.1044
2016-11-01,7,0.0971
2016-11-01,14,0.0825
2016-11-01,30,0.0631
2016-11-01,60,0.0510
2016-11-01,90,0.0461
2016-11-01,120,0.0413
2016-11-01,150,0.0316
2016-11-01,180,0.0291

2016-11-02,1,0.1417
2016-11-02,3,0.1063
2016-11-02,7,0.0945
2016-11-02,14,0.0886
2016-11-02,30,0.0650
2016-11-02,60,0.0551
2016-11-02,90,0.0492
2016-11-02,120,0.0453
2016-11-02,150,0.0256
2016-11-02,180,0.0197

2016-11-03,1,0.1487
2016-11-03,3,0.1171
2016-11-03,7,0.0985
2016-11-03,14,0.0818
2016-11-03,30,0.0613
2016-11-03,60,0.0446
2016-11-03,90,0.0335
2016-11-03,120,0.0316
2016-11-03,150,0.0242
2016-11-03,180,0.0186

2016-11-04,1,0.1652
2016-11-04,3,0.1403
2016-11-04,7,0.1208
2016-11-04,14,0.1066
2016-11-04,30,0.0888
2016-11-04,60,0.0586
2016-11-04,90,0.0480
2016-11-04,120,0.0373
2016-11-04,150,0.0266
2016-11-04,180,0.0213

2016-11-05,1,0.1353
2016-11-05,3,0.0843
2016-11-05,7,0.0665
2016-11-05,14,0.0599
2016-11-05,30,0.0510
2016-11-05,60,0.0377
2016-11-05,90,0.0266
2016-11-05,120,0.0222
2016-11-05,150,0.0155
2016-11-05,180,0.0111

2016-11-06,1,0.2130
2016-11-06,3,0.1587
2016-11-06,7,0.1413
2016-11-06,14,0.1239
2016-11-06,30,0.1087
2016-11-06,60,0.0957
2016-11-06,90,0.0739
2016-11-06,120,0.0522
2016-11-06,150,0.0457
2016-11-06,180,0.0304

2016-11-07,1,0.1627
2016-11-07,3,0.1220
2016-11-07,7,0.1054
2016-11-07,14,0.0943
2016-11-07,30,0.0758
2016-11-07,60,0.0573
2016-11-07,90,0.0407
2016-11-07,120,0.0351
2016-11-07,150,0.0333
2016-11-07,180,0.0277

2016-11-08,1,0.1521
2016-11-08,3,0.1179
2016-11-08,7,0.1008
2016-11-08,14,0.0932
2016-11-08,30,0.0722
2016-11-08,60,0.0551
2016-11-08,90,0.0399
2016-11-08,120,0.0304
2016-11-08,150,0.0171
2016-11-08,180,0.0152

2016-11-09,1,0.1462
2016-11-09,3,0.1149
2016-11-09,7,0.0992
2016-11-09,14,0.0862
2016-11-09,30,0.0627
2016-11-09,60,0.0470
2016-11-09,90,0.0392
2016-11-09,120,0.0366
2016-11-09,150,0.0261
2016-11-09,180,0.0261

2016-11-10,1,0.1191
2016-11-10,3,0.0944
2016-11-10,7,0.0854
2016-11-10,14,0.0742
2016-11-10,30,0.0629
2016-11-10,60,0.0539
2016-11-10,90,0.0382
2016-11-10,120,0.0247
2016-11-10,150,0.0157
2016-11-10,180,0.0090

2016-11-11,1,0.1671
2016-11-11,3,0.1404
2016-11-11,7,0.1186
2016-11-11,14,0.0969
2016-11-11,30,0.0702
2016-11-11,60,0.0581
2016-11-11,90,0.0363
2016-11-11,120,0.0291
2016-11-11,150,0.0266
2016-11-11,180,0.0218

2016-11-12,1,0.1422
2016-11-12,3,0.0980
2016-11-12,7,0.0784
2016-11-12,14,0.0711
2016-11-12,30,0.0564
2016-11-12,60,0.0319
2016-11-12,90,0.0221
2016-11-12,120,0.0196
2016-11-12,150,0.0196
2016-11-12,180,0.0123

2016-11-13,1,0.1996
2016-11-13,3,0.1325
2016-11-13,7,0.1007
2016-11-13,14,0.0689
2016-11-13,30,0.0530
2016-11-13,60,0.0371
2016-11-13,90,0.0283
2016-11-13,120,0.0230
2016-11-13,150,0.0159
2016-11-13,180,0.0106

2016-11-14,1,0.1811
2016-11-14,3,0.1130
2016-11-14,7,0.1013
2016-11-14,14,0.0797
2016-11-14,30,0.0615
2016-11-14,60,0.0498
2016-11-14,90,0.0349
2016-11-14,120,0.0299
2016-11-14,150,0.0199
2016-11-14,180,0.0166

2016-11-15,1,0.1798
2016-11-15,3,0.1471
2016-11-15,7,0.1233
2016-11-15,14,0.0966
2016-11-15,30,0.0698
2016-11-15,60,0.0490
2016-11-15,90,0.0401
2016-11-15,120,0.0327
2016-11-15,150,0.0253
2016-11-15,180,0.0178

2016-11-16,1,0.1690
2016-11-16,3,0.1099
2016-11-16,7,0.0901
2016-11-16,14,0.0775
2016-11-16,30,0.0592
2016-11-16,60,0.0380
2016-11-16,90,0.0324
2016-11-16,120,0.0254
2016-11-16,150,0.0211
2016-11-16,180,0.0169

2016-11-17,1,0.1629
2016-11-17,3,0.1081
2016-11-17,7,0.0839
2016-11-17,14,0.0613
2016-11-17,30,0.0484
2016-11-17,60,0.0355
2016-11-17,90,0.0274
2016-11-17,120,0.0210
2016-11-17,150,0.0177
2016-11-17,180,0.0145

2016-11-18,1,0.1567
2016-11-18,3,0.1126
2016-11-18,7,0.0695
2016-11-18,14,0.0578
2016-11-18,30,0.0411
2016-11-18,60,0.0255
2016-11-18,90,0.0206
2016-11-18,120,0.0147
2016-11-18,150,0.0098
2016-11-18,180,0.0049

2016-11-19,1,0.1415
2016-11-19,3,0.0994
2016-11-19,7,0.0631
2016-11-19,14,0.0440
2016-11-19,30,0.0287
2016-11-19,60,0.0191
2016-11-19,90,0.0134
2016-11-19,120,0.0115
2016-11-19,150,0.0096
2016-11-19,180,0.0096

2016-11-20,1,0.1444
2016-11-20,3,0.0945
2016-11-20,7,0.0749
2016-11-20,14,0.0588
2016-11-20,30,0.0481
2016-11-20,60,0.0321
2016-11-20,90,0.0250
2016-11-20,120,0.0178
2016-11-20,150,0.0143
2016-11-20,180,0.0125

2016-11-21,1,0.1520
2016-11-21,3,0.1009
2016-11-21,7,0.0839
2016-11-21,14,0.0754
2016-11-21,30,0.0609
2016-11-21,60,0.0360
2016-11-21,90,0.0288
2016-11-21,120,0.0229
2016-11-21,150,0.0197
2016-11-21,180,0.0170

2016-11-22,1,0.1964
2016-11-22,3,0.1143
2016-11-22,7,0.0921
2016-11-22,14,0.0776
2016-11-22,30,0.0585
2016-11-22,60,0.0390
2016-11-22,90,0.0336
2016-11-22,120,0.0267
2016-11-22,150,0.0222
2016-11-22,180,0.0187

2016-11-23,1,0.1105
2016-11-23,3,0.0746
2016-11-23,7,0.0608
2016-11-23,14,0.0490
2016-11-23,30,0.0358
2016-11-23,60,0.0253
2016-11-23,90,0.0207
2016-11-23,120,0.0164
2016-11-23,150,0.0115
2016-11-23,180,0.0092

2016-11-24,1,0.1169
2016-11-24,3,0.0818
2016-11-24,7,0.0638
2016-11-24,14,0.0522
2016-11-24,30,0.0441
2016-11-24,60,0.0360
2016-11-24,90,0.0243
2016-11-24,120,0.0180
2016-11-24,150,0.0126
2016-11-24,180,0.0108

2016-11-25,1,0.1597
2016-11-25,3,0.1134
2016-11-25,7,0.0969
2016-11-25,14,0.0749
2016-11-25,30,0.0562
2016-11-25,60,0.0463
2016-11-25,90,0.0352
2016-11-25,120,0.0297
2016-11-25,150,0.0242
2016-11-25,180,0.0187

2016-11-26,1,0.1504
2016-11-26,3,0.0974
2016-11-26,7,0.0838
2016-11-26,14,0.0735
2016-11-26,30,0.0581
2016-11-26,60,0.0479
2016-11-26,90,0.0256
2016-11-26,120,0.0205
2016-11-26,150,0.0171
2016-11-26,180,0.0137

2016-11-27,1,0.1240
2016-11-27,3,0.0767
2016-11-27,7,0.0620
2016-11-27,14,0.0506
2016-11-27,30,0.0457
2016-11-27,60,0.0343
2016-11-27,90,0.0294
2016-11-27,120,0.0196
2016-11-27,150,0.0147
2016-11-27,180,0.0114

2016-11-28,1,0.1624
2016-11-28,3,0.1086
2016-11-28,7,0.0935
2016-11-28,14,0.0774
2016-11-28,30,0.0624
2016-11-28,60,0.0505
2016-11-28,90,0.0409
2016-11-28,120,0.0312
2016-11-28,150,0.0269
2016-11-28,180,0.0215

2016-11-29,1,0.1600
2016-11-29,3,0.1023
2016-11-29,7,0.0903
2016-11-29,14,0.0751
2016-11-29,30,0.0620
2016-11-29,60,0.0403
2016-11-29,90,0.0359
2016-11-29,120,0.0283
2016-11-29,150,0.0261
2016-11-29,180,0.0229

2016-11-30,1,0.1652
2016-11-30,3,0.1207
2016-11-30,7,0.0979
2016-11-30,14,0.0781
2016-11-30,30,0.0584
2016-11-30,60,0.0425
2016-11-30,90,0.0297
2016-11-30,120,0.0247
2016-11-30,150,0.0198
2016-11-30,180,0.0168

2016-12-01,1,0.1540
2016-12-01,3,0.1117
2016-12-01,7,0.0899
2016-12-01,14,0.0809
2016-12-01,30,0.0706
2016-12-01,60,0.0539
2016-12-01,90,0.0475
2016-12-01,120,0.0359
2016-12-01,150,0.0282
2016-12-01,180,0.0231

2016-12-02,1,0.1300
2016-12-02,3,0.0916
2016-12-02,7,0.0739
2016-12-02,14,0.0591
2016-12-02,30,0.0414
2016-12-02,60,0.0325
2016-12-02,90,0.0281
2016-12-02,120,0.0192
2016-12-02,150,0.0148
2016-12-02,180,0.0118

2016-12-03,1,0.1344
2016-12-03,3,0.0994
2016-12-03,7,0.0810
2016-12-03,14,0.0589
2016-12-03,30,0.0497
2016-12-03,60,0.0424
2016-12-03,90,0.0368
2016-12-03,120,0.0313
2016-12-03,150,0.0239
2016-12-03,180,0.0129

2016-12-04,1,0.1337
2016-12-04,3,0.0868
2016-12-04,7,0.0747
2016-12-04,14,0.0625
2016-12-04,30,0.0486
2016-12-04,60,0.0382
2016-12-04,90,0.0365
2016-12-04,120,0.0260
2016-12-04,150,0.0208
2016-12-04,180,0.0087

2016-12-05,1,0.1451
2016-12-05,3,0.0972
2016-12-05,7,0.0764
2016-12-05,14,0.0596
2016-12-05,30,0.0531
2016-12-05,60,0.0350
2016-12-05,90,0.0233
2016-12-05,120,0.0181
2016-12-05,150,0.0168
2016-12-05,180,0.0130

2016-12-06,1,0.1335
2016-12-06,3,0.0899
2016-12-06,7,0.0735
2016-12-06,14,0.0590
2016-12-06,30,0.0464
2016-12-06,60,0.0348
2016-12-06,90,0.0271
2016-12-06,120,0.0213
2016-12-06,150,0.0174
2016-12-06,180,0.0135

2016-12-07,1,0.1425
2016-12-07,3,0.1043
2016-12-07,7,0.0869
2016-12-07,14,0.0742
2016-12-07,30,0.0649
2016-12-07,60,0.0475
2016-12-07,90,0.0324
2016-12-07,120,0.0278
2016-12-07,150,0.0220
2016-12-07,180,0.0174

2016-12-08,1,0.1443
2016-12-08,3,0.0993
2016-12-08,7,0.0774
2016-12-08,14,0.0612
2016-12-08,30,0.0508
2016-12-08,60,0.0289
2016-12-08,90,0.0231
2016-12-08,120,0.0196
2016-12-08,150,0.0150
2016-12-08,180,0.0139

2016-12-09,1,0.1297
2016-12-09,3,0.1014
2016-12-09,7,0.0757
2016-12-09,14,0.0662
2016-12-09,30,0.0527
2016-12-09,60,0.0419
2016-12-09,90,0.0311
2016-12-09,120,0.0243
2016-12-09,150,0.0216
2016-12-09,180,0.0162

2016-12-10,1,0.1200
2016-12-10,3,0.0727
2016-12-10,7,0.0564
2016-12-10,14,0.0455
2016-12-10,30,0.0418
2016-12-10,60,0.0291
2016-12-10,90,0.0236
2016-12-10,120,0.0182
2016-12-10,150,0.0109
2016-12-10,180,0.0073

2016-12-11,1,0.1140
2016-12-11,3,0.0860
2016-12-11,7,0.0702
2016-12-11,14,0.0596
2016-12-11,30,0.0456
2016-12-11,60,0.0386
2016-12-11,90,0.0316
2016-12-11,120,0.0246
2016-12-11,150,0.0211
2016-12-11,180,0.0175

2016-12-12,1,0.1461
2016-12-12,3,0.0908
2016-12-12,7,0.0816
2016-12-12,14,0.0724
2016-12-12,30,0.0618
2016-12-12,60,0.0434
2016-12-12,90,0.0355
2016-12-12,120,0.0316
2016-12-12,150,0.0250
2016-12-12,180,0.0171

2016-12-13,1,0.1458
2016-12-13,3,0.1009
2016-12-13,7,0.0855
2016-12-13,14,0.0724
2016-12-13,30,0.0625
2016-12-13,60,0.0450
2016-12-13,90,0.0384
2016-12-13,120,0.0296
2016-12-13,150,0.0219
2016-12-13,180,0.0132

2016-12-14,1,0.1248
2016-12-14,3,0.0887
2016-12-14,7,0.0722
2016-12-14,14,0.0647
2016-12-14,30,0.0466
2016-12-14,60,0.0256
2016-12-14,90,0.0180
2016-12-14,120,0.0120
2016-12-14,150,0.0105
2016-12-14,180,0.0060

2016-12-15,1,0.1211
2016-12-15,3,0.0912
2016-12-15,7,0.0663
2016-12-15,14,0.0514
2016-12-15,30,0.0365
2016-12-15,60,0.0282
2016-12-15,90,0.0232
2016-12-15,120,0.0199
2016-12-15,150,0.0149
2016-12-15,180,0.0133

2016-12-16,1,0.1243
2016-12-16,3,0.0936
2016-12-16,7,0.0746
2016-12-16,14,0.0614
2016-12-16,30,0.0424
2016-12-16,60,0.0365
2016-12-16,90,0.0292
2016-12-16,120,0.0249
2016-12-16,150,0.0205
2016-12-16,180,0.0161

2016-12-17,1,0.1082
2016-12-17,3,0.0674
2016-12-17,7,0.0603
2016-12-17,14,0.0532
2016-12-17,30,0.0390
2016-12-17,60,0.0284
2016-12-17,90,0.0213
2016-12-17,120,0.0160
2016-12-17,150,0.0106
2016-12-17,180,0.0089

2016-12-18,1,0.1664
2016-12-18,3,0.1067
2016-12-18,7,0.0868
2016-12-18,14,0.0705
2016-12-18,30,0.0615
2016-12-18,60,0.0524
2016-12-18,90,0.0362
2016-12-18,120,0.0217
2016-12-18,150,0.0163
2016-12-18,180,0.0090

2016-12-19,1,0.1543
2016-12-19,3,0.1150
2016-12-19,7,0.1001
2016-12-19,14,0.0785
2016-12-19,30,0.0636
2016-12-19,60,0.0474
2016-12-19,90,0.0419
2016-12-19,120,0.0338
2016-12-19,150,0.0203
2016-12-19,180,0.0135

2016-12-20,1,0.1492
2016-12-20,3,0.1146
2016-12-20,7,0.0919
2016-12-20,14,0.0740
2016-12-20,30,0.0644
2016-12-20,60,0.0465
2016-12-20,90,0.0310
2016-12-20,120,0.0227
2016-12-20,150,0.0143
2016-12-20,180,0.0107

2016-12-21,1,0.1646
2016-12-21,3,0.1218
2016-12-21,7,0.1026
2016-12-21,14,0.0857
2016-12-21,30,0.0665
2016-12-21,60,0.0496
2016-12-21,90,0.0383
2016-12-21,120,0.0271
2016-12-21,150,0.0192
2016-12-21,180,0.0124

2016-12-22,1,0.1648
2016-12-22,3,0.1128
2016-12-22,7,0.0950
2016-12-22,14,0.0780
2016-12-22,30,0.0579
2016-12-22,60,0.0438
2016-12-22,90,0.0349
2016-12-22,120,0.0252
2016-12-22,150,0.0208
2016-12-22,180,0.0171

2016-12-23,1,0.1654
2016-12-23,3,0.1220
2016-12-23,7,0.1038
2016-12-23,14,0.0891
2016-12-23,30,0.0716
2016-12-23,60,0.0545
2016-12-23,90,0.0416
2016-12-23,120,0.0346
2016-12-23,150,0.0282
2016-12-23,180,0.0199

2016-12-24,1,0.1626
2016-12-24,3,0.1235
2016-12-24,7,0.1002
2016-12-24,14,0.0856
2016-12-24,30,0.0623
2016-12-24,60,0.0452
2016-12-24,90,0.0367
2016-12-24,120,0.0281
2016-12-24,150,0.0196
2016-12-24,180,0.0110

2016-12-25,1,0.1601
2016-12-25,3,0.1097
2016-12-25,7,0.0899
2016-12-25,14,0.0647
2016-12-25,30,0.0468
2016-12-25,60,0.0378
2016-12-25,90,0.0288
2016-12-25,120,0.0198
2016-12-25,150,0.0162
2016-12-25,180,0.0054

2016-12-26,1,0.1535
2016-12-26,3,0.1073
2016-12-26,7,0.0939
2016-12-26,14,0.0805
2016-12-26,30,0.0581
2016-12-26,60,0.0447
2016-12-26,90,0.0328
2016-12-26,120,0.0224
2016-12-26,150,0.0179
2016-12-26,180,0.0119

2016-12-27,1,0.1667
2016-12-27,3,0.1124
2016-12-27,7,0.0833
2016-12-27,14,0.0741
2016-12-27,30,0.0595
2016-12-27,60,0.0423
2016-12-27,90,0.0357
2016-12-27,120,0.0251
2016-12-27,150,0.0172
2016-12-27,180,0.0119

2016-12-28,1,0.1458
2016-12-28,3,0.0917
2016-12-28,7,0.0819
2016-12-28,14,0.0653
2016-12-28,30,0.0444
2016-12-28,60,0.0389
2016-12-28,90,0.0264
2016-12-28,120,0.0250
2016-12-28,150,0.0153
2016-12-28,180,0.0125

2016-12-29,1,0.1463
2016-12-29,3,0.1000
2016-12-29,7,0.0806
2016-12-29,14,0.0672
2016-12-29,30,0.0403
2016-12-29,60,0.0284
2016-12-29,90,0.0224
2016-12-29,120,0.0194
2016-12-29,150,0.0134
2016-12-29,180,0.0075

2016-12-30,1,0.1644
2016-12-30,3,0.1271
2016-12-30,7,0.1085
2016-12-30,14,0.0915
2016-12-30,30,0.0661
2016-12-30,60,0.0525
2016-12-30,90,0.0475
2016-12-30,120,0.0305
2016-12-30,150,0.0237
2016-12-30,180,0.0136

2016-12-31,1,0.1839
2016-12-31,3,0.1300
2016-12-31,7,0.1009
2016-12-31,14,0.0762
2016-12-31,30,0.0628
2016-12-31,60,0.0471
2016-12-31,90,0.0224
2016-12-31,120,0.0135
2016-12-31,150,0.0112
2016-12-31,180,0.0067

2017-01-01,1,0.1379
2017-01-01,3,0.0796
2017-01-01,7,0.0621
2017-01-01,14,0.0505
2017-01-01,30,0.0350
2017-01-01,60,0.0175
2017-01-01,90,0.0117
2017-01-01,120,0.0078
2017-01-01,150,0.0039
2017-01-01,180,0.0039

2017-01-02,1,0.1616
2017-01-02,3,0.1052
2017-01-02,7,0.0930
2017-01-02,14,0.0793
2017-01-02,30,0.0564
2017-01-02,60,0.0412
2017-01-02,90,0.0351
2017-01-02,120,0.0290
2017-01-02,150,0.0213
2017-01-02,180,0.0152

2017-01-03,1,0.1669
2017-01-03,3,0.1178
2017-01-03,7,0.0859
2017-01-03,14,0.0663
2017-01-03,30,0.0552
2017-01-03,60,0.0380
2017-01-03,90,0.0282
2017-01-03,120,0.0209
2017-01-03,150,0.0098
2017-01-03,180,0.0061

2017-01-04,1,0.1427
2017-01-04,3,0.0971
2017-01-04,7,0.0842
2017-01-04,14,0.0690
2017-01-04,30,0.0585
2017-01-04,60,0.0386
2017-01-04,90,0.0222
2017-01-04,120,0.0140
2017-01-04,150,0.0082
2017-01-04,180,0.0047

2017-01-05,1,0.1417
2017-01-05,3,0.0914
2017-01-05,7,0.0768
2017-01-05,14,0.0623
2017-01-05,30,0.0464
2017-01-05,60,0.0344
2017-01-05,90,0.0252
2017-01-05,120,0.0199
2017-01-05,150,0.0132
2017-01-05,180,0.0066

2017-01-06,1,0.1493
2017-01-06,3,0.1143
2017-01-06,7,0.0916
2017-01-06,14,0.0747
2017-01-06,30,0.0600
2017-01-06,60,0.0486
2017-01-06,90,0.0419
2017-01-06,120,0.0328
2017-01-06,150,0.0215
2017-01-06,180,0.0124

2017-01-07,1,0.1557
2017-01-07,3,0.0898
2017-01-07,7,0.0793
2017-01-07,14,0.0674
2017-01-07,30,0.0509
2017-01-07,60,0.0359
2017-01-07,90,0.0299
2017-01-07,120,0.0225
2017-01-07,150,0.0165
2017-01-07,180,0.0090

2017-01-08,1,0.1087
2017-01-08,3,0.0709
2017-01-08,7,0.0646
2017-01-08,14,0.0488
2017-01-08,30,0.0394
2017-01-08,60,0.0315
2017-01-08,90,0.0252
2017-01-08,120,0.0189
2017-01-08,150,0.0094
2017-01-08,180,0.0063

2017-01-09,1,0.1560
2017-01-09,3,0.1001
2017-01-09,7,0.0832
2017-01-09,14,0.0728
2017-01-09,30,0.0559
2017-01-09,60,0.0455
2017-01-09,90,0.0286
2017-01-09,120,0.0182
2017-01-09,150,0.0130
2017-01-09,180,0.0052

2017-01-10,1,0.1408
2017-01-10,3,0.0999
2017-01-10,7,0.0770
2017-01-10,14,0.0614
2017-01-10,30,0.0457
2017-01-10,60,0.0361
2017-01-10,90,0.0156
2017-01-10,120,0.0108
2017-01-10,150,0.0072
2017-01-10,180,0.0036

2017-01-11,1,0.1675
2017-01-11,3,0.1167
2017-01-11,7,0.0942
2017-01-11,14,0.0725
2017-01-11,30,0.0567
2017-01-11,60,0.0458
2017-01-11,90,0.0375
2017-01-11,120,0.0267
2017-01-11,150,0.0183
2017-01-11,180,0.0108

2017-01-12,1,0.1524
2017-01-12,3,0.1105
2017-01-12,7,0.0838
2017-01-12,14,0.0695
2017-01-12,30,0.0524
2017-01-12,60,0.0381
2017-01-12,90,0.0314
2017-01-12,120,0.0276
2017-01-12,150,0.0171
2017-01-12,180,0.0095

2017-01-13,1,0.1665
2017-01-13,3,0.1277
2017-01-13,7,0.1064
2017-01-13,14,0.0897
2017-01-13,30,0.0740
2017-01-13,60,0.0509
2017-01-13,90,0.0398
2017-01-13,120,0.0241
2017-01-13,150,0.0167
2017-01-13,180,0.0074

2017-01-14,1,0.1344
2017-01-14,3,0.0919
2017-01-14,7,0.0700
2017-01-14,14,0.0535
2017-01-14,30,0.0398
2017-01-14,60,0.0329
2017-01-14,90,0.0233
2017-01-14,120,0.0165
2017-01-14,150,0.0069
2017-01-14,180,0.0027

2017-01-15,1,0.1364
2017-01-15,3,0.0956
2017-01-15,7,0.0802
2017-01-15,14,0.0717
2017-01-15,30,0.0506
2017-01-15,60,0.0422
2017-01-15,90,0.0338
2017-01-15,120,0.0225
2017-01-15,150,0.0155
2017-01-15,180,0.0098

2017-01-16,1,0.1475
2017-01-16,3,0.0931
2017-01-16,7,0.0781
2017-01-16,14,0.0658
2017-01-16,30,0.0474
2017-01-16,60,0.0334
2017-01-16,90,0.0281
2017-01-16,120,0.0219
2017-01-16,150,0.0158
2017-01-16,180,0.0079

2017-01-17,1,0.1419
2017-01-17,3,0.0951
2017-01-17,7,0.0818
2017-01-17,14,0.0694
2017-01-17,30,0.0569
2017-01-17,60,0.0452
2017-01-17,90,0.0351
2017-01-17,120,0.0210
2017-01-17,150,0.0148
2017-01-17,180,0.0078

2017-01-18,1,0.1533
2017-01-18,3,0.0947
2017-01-18,7,0.0767
2017-01-18,14,0.0688
2017-01-18,30,0.0462
2017-01-18,60,0.0327
2017-01-18,90,0.0225
2017-01-18,120,0.0203
2017-01-18,150,0.0124
2017-01-18,180,0.0068

2017-01-19,1,0.1483
2017-01-19,3,0.1092
2017-01-19,7,0.0885
2017-01-19,14,0.0747
2017-01-19,30,0.0552
2017-01-19,60,0.0356
2017-01-19,90,0.0310
2017-01-19,120,0.0230
2017-01-19,150,0.0149
2017-01-19,180,0.0092

2017-01-20,1,0.1604
2017-01-20,3,0.1276
2017-01-20,7,0.0899
2017-01-20,14,0.0790
2017-01-20,30,0.0547
2017-01-20,60,0.0316
2017-01-20,90,0.0194
2017-01-20,120,0.0182
2017-01-20,150,0.0122
2017-01-20,180,0.0085

2017-01-21,1,0.1339
2017-01-21,3,0.0875
2017-01-21,7,0.0714
2017-01-21,14,0.0589
2017-01-21,30,0.0482
2017-01-21,60,0.0304
2017-01-21,90,0.0196
2017-01-21,120,0.0143
2017-01-21,150,0.0036
2017-01-21,180,0.0018

2017-01-22,1,0.1350
2017-01-22,3,0.0850
2017-01-22,7,0.0767
2017-01-22,14,0.0700
2017-01-22,30,0.0533
2017-01-22,60,0.0283
2017-01-22,90,0.0217
2017-01-22,120,0.0200
2017-01-22,150,0.0150
2017-01-22,180,0.0100

2017-01-23,1,0.1216
2017-01-23,3,0.0904
2017-01-23,7,0.0789
2017-01-23,14,0.0666
2017-01-23,30,0.0559
2017-01-23,60,0.0378
2017-01-23,90,0.0296
2017-01-23,120,0.0197
2017-01-23,150,0.0156
2017-01-23,180,0.0131

2017-01-24,1,0.1460
2017-01-24,3,0.0985
2017-01-24,7,0.0785
2017-01-24,14,0.0653
2017-01-24,30,0.0387
2017-01-24,60,0.0321
2017-01-24,90,0.0277
2017-01-24,120,0.0210
2017-01-24,150,0.0177
2017-01-24,180,0.0088

2017-01-25,1,0.1079
2017-01-25,3,0.0762
2017-01-25,7,0.0621
2017-01-25,14,0.0492
2017-01-25,30,0.0363
2017-01-25,60,0.0199
2017-01-25,90,0.0117
2017-01-25,120,0.0106
2017-01-25,150,0.0070
2017-01-25,180,0.0047

2017-01-26,1,0.1348
2017-01-26,3,0.1027
2017-01-26,7,0.0809
2017-01-26,14,0.0693
2017-01-26,30,0.0565
2017-01-26,60,0.0372
2017-01-26,90,0.0244
2017-01-26,120,0.0128
2017-01-26,150,0.0039
2017-01-26,180,0.0026

2017-01-27,1,0.1426
2017-01-27,3,0.1063
2017-01-27,7,0.0801
2017-01-27,14,0.0597
2017-01-27,30,0.0480
2017-01-27,60,0.0335
2017-01-27,90,0.0277
2017-01-27,120,0.0189
2017-01-27,150,0.0160
2017-01-27,180,0.0131

2017-01-28,1,0.1581
2017-01-28,3,0.1066
2017-01-28,7,0.0817
2017-01-28,14,0.0728
2017-01-28,30,0.0444
2017-01-28,60,0.0373
2017-01-28,90,0.0284
2017-01-28,120,0.0195
2017-01-28,150,0.0124
2017-01-28,180,0.0089

2017-01-29,1,0.1265
2017-01-29,3,0.0949
2017-01-29,7,0.0738
2017-01-29,14,0.0703
2017-01-29,30,0.0492
2017-01-29,60,0.0299
2017-01-29,90,0.0264
2017-01-29,120,0.0193
2017-01-29,150,0.0158
2017-01-29,180,0.0105

2017-01-30,1,0.1462
2017-01-30,3,0.1077
2017-01-30,7,0.0872
2017-01-30,14,0.0782
2017-01-30,30,0.0628
2017-01-30,60,0.0462
2017-01-30,90,0.0333
2017-01-30,120,0.0154
2017-01-30,150,0.0038
2017-01-30,180,0.0026

2017-01-31,1,0.1393
2017-01-31,3,0.1071
2017-01-31,7,0.0857
2017-01-31,14,0.0738
2017-01-31,30,0.0524
2017-01-31,60,0.0440
2017-01-31,90,0.0286
2017-01-31,120,0.0226
2017-01-31,150,0.0083
2017-01-31,180,0.0060

2017-02-01,1,0.1660
2017-02-01,3,0.1125
2017-02-01,7,0.0905
2017-02-01,14,0.0754
2017-02-01,30,0.0480
2017-02-01,60,0.0343
2017-02-01,90,0.0233
2017-02-01,120,0.0192
2017-02-01,150,0.0151
2017-02-01,180,0.0082

2017-02-02,1,0.1693
2017-02-02,3,0.1273
2017-02-02,7,0.1037
2017-02-02,14,0.0879
2017-02-02,30,0.0709
2017-02-02,60,0.0486
2017-02-02,90,0.0354
2017-02-02,120,0.0249
2017-02-02,150,0.0184
2017-02-02,180,0.0144

2017-02-03,1,0.1324
2017-02-03,3,0.0925
2017-02-03,7,0.0656
2017-02-03,14,0.0566
2017-02-03,30,0.0463
2017-02-03,60,0.0308
2017-02-03,90,0.0219
2017-02-03,120,0.0154
2017-02-03,150,0.0129
2017-02-03,180,0.0077

2017-02-04,1,0.1304
2017-02-04,3,0.0805
2017-02-04,7,0.0660
2017-02-04,14,0.0548
2017-02-04,30,0.0354
2017-02-04,60,0.0225
2017-02-04,90,0.0177
2017-02-04,120,0.0113
2017-02-04,150,0.0097
2017-02-04,180,0.0048

2017-02-05,1,0.1509
2017-02-05,3,0.0885
2017-02-05,7,0.0784
2017-02-05,14,0.0624
2017-02-05,30,0.0479
2017-02-05,60,0.0334
2017-02-05,90,0.0276
2017-02-05,120,0.0203
2017-02-05,150,0.0087
2017-02-05,180,0.0087

2017-02-06,1,0.1436
2017-02-06,3,0.0990
2017-02-06,7,0.0783
2017-02-06,14,0.0664
2017-02-06,30,0.0501
2017-02-06,60,0.0326
2017-02-06,90,0.0250
2017-02-06,120,0.0185
2017-02-06,150,0.0087
2017-02-06,180,0.0065

2017-02-07,1,0.1448
2017-02-07,3,0.1027
2017-02-07,7,0.0842
2017-02-07,14,0.0705
2017-02-07,30,0.0532
2017-02-07,60,0.0408
2017-02-07,90,0.0297
2017-02-07,120,0.0260
2017-02-07,150,0.0173
2017-02-07,180,0.0124

2017-02-08,1,0.1734
2017-02-08,3,0.1128
2017-02-08,7,0.0819
2017-02-08,14,0.0665
2017-02-08,30,0.0487
2017-02-08,60,0.0321
2017-02-08,90,0.0238
2017-02-08,120,0.0178
2017-02-08,150,0.0107
2017-02-08,180,0.0048

2017-02-09,1,0.1138
2017-02-09,3,0.0874
2017-02-09,7,0.0701
2017-02-09,14,0.0575
2017-02-09,30,0.0402
2017-02-09,60,0.0287
2017-02-09,90,0.0218
2017-02-09,120,0.0149
2017-02-09,150,0.0092
2017-02-09,180,0.0069

2017-02-10,1,0.1225
2017-02-10,3,0.0829
2017-02-10,7,0.0606
2017-02-10,14,0.0520
2017-02-10,30,0.0347
2017-02-10,60,0.0235
2017-02-10,90,0.0210
2017-02-10,120,0.0149
2017-02-10,150,0.0074
2017-02-10,180,0.0025

2017-02-11,1,0.1364
2017-02-11,3,0.0774
2017-02-11,7,0.0657
2017-02-11,14,0.0572
2017-02-11,30,0.0404
2017-02-11,60,0.0253
2017-02-11,90,0.0202
2017-02-11,120,0.0118
2017-02-11,150,0.0067
2017-02-11,180,0.0034

2017-02-12,1,0.1222
2017-02-12,3,0.0905
2017-02-12,7,0.0746
2017-02-12,14,0.0635
2017-02-12,30,0.0492
2017-02-12,60,0.0270
2017-02-12,90,0.0159
2017-02-12,120,0.0079
2017-02-12,150,0.0048
2017-02-12,180,0.0000

2017-02-13,1,0.1456
2017-02-13,3,0.0919
2017-02-13,7,0.0764
2017-02-13,14,0.0573
2017-02-13,30,0.0453
2017-02-13,60,0.0298
2017-02-13,90,0.0227
2017-02-13,120,0.0167
2017-02-13,150,0.0084
2017-02-13,180,0.0000

2017-02-14,1,0.1299
2017-02-14,3,0.0834
2017-02-14,7,0.0679
2017-02-14,14,0.0524
2017-02-14,30,0.0405
2017-02-14,60,0.0250
2017-02-14,90,0.0155
2017-02-14,120,0.0143
2017-02-14,150,0.0072
2017-02-14,180,0.0000

2017-02-15,1,0.1275
2017-02-15,3,0.0832
2017-02-15,7,0.0617
2017-02-15,14,0.0483
2017-02-15,30,0.0403
2017-02-15,60,0.0268
2017-02-15,90,0.0174
2017-02-15,120,0.0121
2017-02-15,150,0.0067
2017-02-15,180,0.0000

2017-02-16,1,0.1373
2017-02-16,3,0.0930
2017-02-16,7,0.0701
2017-02-16,14,0.0501
2017-02-16,30,0.0315
2017-02-16,60,0.0229
2017-02-16,90,0.0200
2017-02-16,120,0.0129
2017-02-16,150,0.0057
2017-02-16,180,0.0000

2017-02-17,1,0.1398
2017-02-17,3,0.1023
2017-02-17,7,0.0735
2017-02-17,14,0.0533
2017-02-17,30,0.0375
2017-02-17,60,0.0216
2017-02-17,90,0.0202
2017-02-17,120,0.0144
2017-02-17,150,0.0086
2017-02-17,180,0.0000

2017-02-18,1,0.1219
2017-02-18,3,0.0860
2017-02-18,7,0.0556
2017-02-18,14,0.0466
2017-02-18,30,0.0376
2017-02-18,60,0.0233
2017-02-18,90,0.0143
2017-02-18,120,0.0125
2017-02-18,150,0.0090
2017-02-18,180,0.0000

2017-02-19,1,0.1295
2017-02-19,3,0.0881
2017-02-19,7,0.0708
2017-02-19,14,0.0622
2017-02-19,30,0.0466
2017-02-19,60,0.0311
2017-02-19,90,0.0225
2017-02-19,120,0.0121
2017-02-19,150,0.0035
2017-02-19,180,0.0000

2017-02-20,1,0.1319
2017-02-20,3,0.0831
2017-02-20,7,0.0717
2017-02-20,14,0.0623
2017-02-20,30,0.0530
2017-02-20,60,0.0436
2017-02-20,90,0.0332
2017-02-20,120,0.0208
2017-02-20,150,0.0042
2017-02-20,180,0.0000

2017-02-21,1,0.1344
2017-02-21,3,0.0858
2017-02-21,7,0.0715
2017-02-21,14,0.0658
2017-02-21,30,0.0505
2017-02-21,60,0.0334
2017-02-21,90,0.0238
2017-02-21,120,0.0172
2017-02-21,150,0.0086
2017-02-21,180,0.0000

2017-02-22,1,0.1491
2017-02-22,3,0.0998
2017-02-22,7,0.0892
2017-02-22,14,0.0869
2017-02-22,30,0.0669
2017-02-22,60,0.0469
2017-02-22,90,0.0352
2017-02-22,120,0.0246
2017-02-22,150,0.0164
2017-02-22,180,0.0000

2017-02-23,1,0.1372
2017-02-23,3,0.1051
2017-02-23,7,0.0808
2017-02-23,14,0.0679
2017-02-23,30,0.0538
2017-02-23,60,0.0385
2017-02-23,90,0.0244
2017-02-23,120,0.0141
2017-02-23,150,0.0090
2017-02-23,180,0.0000

2017-02-24,1,0.1384
2017-02-24,3,0.0956
2017-02-24,7,0.0679
2017-02-24,14,0.0566
2017-02-24,30,0.0465
2017-02-24,60,0.0352
2017-02-24,90,0.0264
2017-02-24,120,0.0201
2017-02-24,150,0.0126
2017-02-24,180,0.0000

2017-02-25,1,0.1303
2017-02-25,3,0.0879
2017-02-25,7,0.0758
2017-02-25,14,0.0621
2017-02-25,30,0.0530
2017-02-25,60,0.0379
2017-02-25,90,0.0258
2017-02-25,120,0.0136
2017-02-25,150,0.0091
2017-02-25,180,0.0000

2017-02-26,1,0.1388
2017-02-26,3,0.0796
2017-02-26,7,0.0686
2017-02-26,14,0.0562
2017-02-26,30,0.0374
2017-02-26,60,0.0250
2017-02-26,90,0.0203
2017-02-26,120,0.0125
2017-02-26,150,0.0062
2017-02-26,180,0.0000

2017-02-27,1,0.1421
2017-02-27,3,0.0776
2017-02-27,7,0.0632
2017-02-27,14,0.0434
2017-02-27,30,0.0316
2017-02-27,60,0.0197
2017-02-27,90,0.0158
2017-02-27,120,0.0105
2017-02-27,150,0.0053
2017-02-27,180,0.0000

2017-02-28,1,0.1356
2017-02-28,3,0.1006
2017-02-28,7,0.0825
2017-02-28,14,0.0712
2017-02-28,30,0.0520
2017-02-28,60,0.0384
2017-02-28,90,0.0237
2017-02-28,120,0.0147
2017-02-28,150,0.0124
2017-02-28,180,0.0000

2017-03-01,1,0.0970
2017-03-01,3,0.0901
2017-03-01,7,0.0577
2017-03-01,14,0.0508
2017-03-01,30,0.0323
2017-03-01,60,0.0208
2017-03-01,90,0.0185
2017-03-01,120,0.0092
2017-03-01,150,0.0092
2017-03-01,180,0.0000

2017-03-02,1,0.2778
2017-03-02,3,0.1944
2017-03-02,7,0.1605
2017-03-02,14,0.1327
2017-03-02,30,0.1049
2017-03-02,60,0.0741
2017-03-02,90,0.0432
2017-03-02,120,0.0185
2017-03-02,150,0.0093
2017-03-02,180,0.0000

2017-03-03,1,0.1510
2017-03-03,3,0.1086
2017-03-03,7,0.0596
2017-03-03,14,0.0490
2017-03-03,30,0.0371
2017-03-03,60,0.0291
2017-03-03,90,0.0238
2017-03-03,120,0.0132
2017-03-03,150,0.0106
2017-03-03,180,0.0000

2017-03-04,1,0.1472
2017-03-04,3,0.0833
2017-03-04,7,0.0745
2017-03-04,14,0.0585
2017-03-04,30,0.0443
2017-03-04,60,0.0266
2017-03-04,90,0.0177
2017-03-04,120,0.0089
2017-03-04,150,0.0053
2017-03-04,180,0.0000

2017-03-05,1,0.1300
2017-03-05,3,0.0810
2017-03-05,7,0.0688
2017-03-05,14,0.0596
2017-03-05,30,0.0459
2017-03-05,60,0.0336
2017-03-05,90,0.0153
2017-03-05,120,0.0061
2017-03-05,150,0.0031
2017-03-05,180,0.0000

2017-03-06,1,0.1673
2017-03-06,3,0.1227
2017-03-06,7,0.0979
2017-03-06,14,0.0855
2017-03-06,30,0.0620
2017-03-06,60,0.0409
2017-03-06,90,0.0285
2017-03-06,120,0.0173
2017-03-06,150,0.0099
2017-03-06,180,0.0000

2017-03-07,1,0.1300
2017-03-07,3,0.0821
2017-03-07,7,0.0680
2017-03-07,14,0.0522
2017-03-07,30,0.0413
2017-03-07,60,0.0283
2017-03-07,90,0.0169
2017-03-07,120,0.0092
2017-03-07,150,0.0044
2017-03-07,180,0.0000

2017-03-08,1,0.1365
2017-03-08,3,0.0938
2017-03-08,7,0.0754
2017-03-08,14,0.0620
2017-03-08,30,0.0444
2017-03-08,60,0.0327
2017-03-08,90,0.0184
2017-03-08,120,0.0101
2017-03-08,150,0.0042
2017-03-08,180,0.0000

2017-03-09,1,0.1495
2017-03-09,3,0.0970
2017-03-09,7,0.0743
2017-03-09,14,0.0693
2017-03-09,30,0.0515
2017-03-09,60,0.0347
2017-03-09,90,0.0228
2017-03-09,120,0.0109
2017-03-09,150,0.0050
2017-03-09,180,0.0000

2017-03-10,1,0.1770
2017-03-10,3,0.0885
2017-03-10,7,0.0567
2017-03-10,14,0.0387
2017-03-10,30,0.0326
2017-03-10,60,0.0232
2017-03-10,90,0.0180
2017-03-10,120,0.0095
2017-03-10,150,0.0017
2017-03-10,180,0.0000

2017-03-11,1,0.1549
2017-03-11,3,0.0921
2017-03-11,7,0.0737
2017-03-11,14,0.0628
2017-03-11,30,0.0488
2017-03-11,60,0.0271
2017-03-11,90,0.0206
2017-03-11,120,0.0087
2017-03-11,150,0.0022
2017-03-11,180,0.0000

2017-03-12,1,0.1450
2017-03-12,3,0.0931
2017-03-12,7,0.0733
2017-03-12,14,0.0534
2017-03-12,30,0.0443
2017-03-12,60,0.0305
2017-03-12,90,0.0198
2017-03-12,120,0.0107
2017-03-12,150,0.0031
2017-03-12,180,0.0000

2017-03-13,1,0.1308
2017-03-13,3,0.0902
2017-03-13,7,0.0676
2017-03-13,14,0.0507
2017-03-13,30,0.0383
2017-03-13,60,0.0225
2017-03-13,90,0.0147
2017-03-13,120,0.0045
2017-03-13,150,0.0011
2017-03-13,180,0.0000

2017-03-14,1,0.1355
2017-03-14,3,0.0909
2017-03-14,7,0.0782
2017-03-14,14,0.0618
2017-03-14,30,0.0382
2017-03-14,60,0.0264
2017-03-14,90,0.0200
2017-03-14,120,0.0118
2017-03-14,150,0.0000
2017-03-14,180,0.0000

2017-03-15,1,0.1477
2017-03-15,3,0.0900
2017-03-15,7,0.0705
2017-03-15,14,0.0636
2017-03-15,30,0.0470
2017-03-15,60,0.0313
2017-03-15,90,0.0196
2017-03-15,120,0.0098
2017-03-15,150,0.0000
2017-03-15,180,0.0000

2017-03-16,1,0.1292
2017-03-16,3,0.0855
2017-03-16,7,0.0621
2017-03-16,14,0.0498
2017-03-16,30,0.0397
2017-03-16,60,0.0214
2017-03-16,90,0.0153
2017-03-16,120,0.0071
2017-03-16,150,0.0000
2017-03-16,180,0.0000

2017-03-17,1,0.1665
2017-03-17,3,0.0978
2017-03-17,7,0.0708
2017-03-17,14,0.0552
2017-03-17,30,0.0375
2017-03-17,60,0.0239
2017-03-17,90,0.0135
2017-03-17,120,0.0062
2017-03-17,150,0.0000
2017-03-17,180,0.0000

2017-03-18,1,0.1845
2017-03-18,3,0.1045
2017-03-18,7,0.0877
2017-03-18,14,0.0761
2017-03-18,30,0.0529
2017-03-18,60,0.0271
2017-03-18,90,0.0155
2017-03-18,120,0.0129
2017-03-18,150,0.0000
2017-03-18,180,0.0000

2017-03-19,1,0.1305
2017-03-19,3,0.0893
2017-03-19,7,0.0714
2017-03-19,14,0.0659
2017-03-19,30,0.0467
2017-03-19,60,0.0343
2017-03-19,90,0.0247
2017-03-19,120,0.0165
2017-03-19,150,0.0000
2017-03-19,180,0.0000

2017-03-20,1,0.1746
2017-03-20,3,0.1032
2017-03-20,7,0.0829
2017-03-20,14,0.0697
2017-03-20,30,0.0485
2017-03-20,60,0.0300
2017-03-20,90,0.0203
2017-03-20,120,0.0123
2017-03-20,150,0.0000
2017-03-20,180,0.0000

2017-03-21,1,0.1436
2017-03-21,3,0.0957
2017-03-21,7,0.0748
2017-03-21,14,0.0568
2017-03-21,30,0.0429
2017-03-21,60,0.0259
2017-03-21,90,0.0169
2017-03-21,120,0.0080
2017-03-21,150,0.0000
2017-03-21,180,0.0000

2017-03-22,1,0.1300
2017-03-22,3,0.0848
2017-03-22,7,0.0691
2017-03-22,14,0.0516
2017-03-22,30,0.0415
2017-03-22,60,0.0276
2017-03-22,90,0.0194
2017-03-22,120,0.0129
2017-03-22,150,0.0000
2017-03-22,180,0.0000

2017-03-23,1,0.1330
2017-03-23,3,0.0905
2017-03-23,7,0.0665
2017-03-23,14,0.0513
2017-03-23,30,0.0403
2017-03-23,60,0.0251
2017-03-23,90,0.0153
2017-03-23,120,0.0087
2017-03-23,150,0.0000
2017-03-23,180,0.0000

2017-03-24,1,0.1460
2017-03-24,3,0.1111
2017-03-24,7,0.0861
2017-03-24,14,0.0719
2017-03-24,30,0.0556
2017-03-24,60,0.0349
2017-03-24,90,0.0207
2017-03-24,120,0.0131
2017-03-24,150,0.0000
2017-03-24,180,0.0000

2017-03-25,1,0.1561
2017-03-25,3,0.0901
2017-03-25,7,0.0761
2017-03-25,14,0.0596
2017-03-25,30,0.0508
2017-03-25,60,0.0355
2017-03-25,90,0.0203
2017-03-25,120,0.0127
2017-03-25,150,0.0000
2017-03-25,180,0.0000

2017-03-26,1,0.1362
2017-03-26,3,0.0870
2017-03-26,7,0.0681
2017-03-26,14,0.0623
2017-03-26,30,0.0464
2017-03-26,60,0.0377
2017-03-26,90,0.0275
2017-03-26,120,0.0174
2017-03-26,150,0.0000
2017-03-26,180,0.0000

2017-03-27,1,0.1408
2017-03-27,3,0.0913
2017-03-27,7,0.0726
2017-03-27,14,0.0561
2017-03-27,30,0.0429
2017-03-27,60,0.0264
2017-03-27,90,0.0165
2017-03-27,120,0.0110
2017-03-27,150,0.0000
2017-03-27,180,0.0000

2017-03-28,1,0.1437
2017-03-28,3,0.0986
2017-03-28,7,0.0832
2017-03-28,14,0.0657
2017-03-28,30,0.0483
2017-03-28,60,0.0349
2017-03-28,90,0.0205
2017-03-28,120,0.0133
2017-03-28,150,0.0000
2017-03-28,180,0.0000

2017-03-29,1,0.1323
2017-03-29,3,0.0868
2017-03-29,7,0.0709
2017-03-29,14,0.0519
2017-03-29,30,0.0402
2017-03-29,60,0.0254
2017-03-29,90,0.0159
2017-03-29,120,0.0095
2017-03-29,150,0.0000
2017-03-29,180,0.0000

2017-03-30,1,0.1393
2017-03-30,3,0.0886
2017-03-30,7,0.0637
2017-03-30,14,0.0508
2017-03-30,30,0.0335
2017-03-30,60,0.0216
2017-03-30,90,0.0151
2017-03-30,120,0.0108
2017-03-30,150,0.0000
2017-03-30,180,0.0000

2017-03-31,1,0.1321
2017-03-31,3,0.0943
2017-03-31,7,0.0591
2017-03-31,14,0.0478
2017-03-31,30,0.0365
2017-03-31,60,0.0277
2017-03-31,90,0.0138
2017-03-31,120,0.0126
2017-03-31,150,0.0000
2017-03-31,180,0.0000

2017-04-01,1,0.1256
2017-04-01,3,0.0965
2017-04-01,7,0.0766
2017-04-01,14,0.0597
2017-04-01,30,0.0383
2017-04-01,60,0.0245
2017-04-01,90,0.0123
2017-04-01,120,0.0077
2017-04-01,150,0.0000
2017-04-01,180,0.0000

2017-04-02,1,0.1190
2017-04-02,3,0.0893
2017-04-02,7,0.0699
2017-04-02,14,0.0521
2017-04-02,30,0.0387
2017-04-02,60,0.0253
2017-04-02,90,0.0119
2017-04-02,120,0.0089
2017-04-02,150,0.0000
2017-04-02,180,0.0000

2017-04-03,1,0.1032
2017-04-03,3,0.0665
2017-04-03,7,0.0505
2017-04-03,14,0.0378
2017-04-03,30,0.0310
2017-04-03,60,0.0149
2017-04-03,90,0.0103
2017-04-03,120,0.0057
2017-04-03,150,0.0000
2017-04-03,180,0.0000

2017-04-04,1,0.1537
2017-04-04,3,0.1028
2017-04-04,7,0.0898
2017-04-04,14,0.0709
2017-04-04,30,0.0485
2017-04-04,60,0.0213
2017-04-04,90,0.0165
2017-04-04,120,0.0083
2017-04-04,150,0.0000
2017-04-04,180,0.0000

2017-04-05,1,0.1112
2017-04-05,3,0.0667
2017-04-05,7,0.0545
2017-04-05,14,0.0489
2017-04-05,30,0.0323
2017-04-05,60,0.0211
2017-04-05,90,0.0133
2017-04-05,120,0.0078
2017-04-05,150,0.0000
2017-04-05,180,0.0000

2017-04-06,1,0.1247
2017-04-06,3,0.0729
2017-04-06,7,0.0529
2017-04-06,14,0.0412
2017-04-06,30,0.0359
2017-04-06,60,0.0190
2017-04-06,90,0.0127
2017-04-06,120,0.0074
2017-04-06,150,0.0000
2017-04-06,180,0.0000

2017-04-07,1,0.1045
2017-04-07,3,0.0819
2017-04-07,7,0.0466
2017-04-07,14,0.0403
2017-04-07,30,0.0277
2017-04-07,60,0.0189
2017-04-07,90,0.0076
2017-04-07,120,0.0050
2017-04-07,150,0.0000
2017-04-07,180,0.0000

2017-04-08,1,0.1518
2017-04-08,3,0.0974
2017-04-08,7,0.0578
2017-04-08,14,0.0363
2017-04-08,30,0.0248
2017-04-08,60,0.0149
2017-04-08,90,0.0099
2017-04-08,120,0.0050
2017-04-08,150,0.0000
2017-04-08,180,0.0000

2017-04-09,1,0.0946
2017-04-09,3,0.0591
2017-04-09,7,0.0456
2017-04-09,14,0.0372
2017-04-09,30,0.0287
2017-04-09,60,0.0203
2017-04-09,90,0.0084
2017-04-09,120,0.0034
2017-04-09,150,0.0000
2017-04-09,180,0.0000

2017-04-10,1,0.1345
2017-04-10,3,0.0807
2017-04-10,7,0.0690
2017-04-10,14,0.0538
2017-04-10,30,0.0409
2017-04-10,60,0.0222
2017-04-10,90,0.0117
2017-04-10,120,0.0058
2017-04-10,150,0.0000
2017-04-10,180,0.0000

2017-04-11,1,0.1144
2017-04-11,3,0.0736
2017-04-11,7,0.0618
2017-04-11,14,0.0509
2017-04-11,30,0.0354
2017-04-11,60,0.0200
2017-04-11,90,0.0127
2017-04-11,120,0.0036
2017-04-11,150,0.0000
2017-04-11,180,0.0000

2017-04-12,1,0.1323
2017-04-12,3,0.0891
2017-04-12,7,0.0694
2017-04-12,14,0.0610
2017-04-12,30,0.0394
2017-04-12,60,0.0244
2017-04-12,90,0.0122
2017-04-12,120,0.0047
2017-04-12,150,0.0000
2017-04-12,180,0.0000

2017-04-13,1,0.1066
2017-04-13,3,0.0794
2017-04-13,7,0.0581
2017-04-13,14,0.0450
2017-04-13,30,0.0344
2017-04-13,60,0.0213
2017-04-13,90,0.0071
2017-04-13,120,0.0000
2017-04-13,150,0.0000
2017-04-13,180,0.0000

2017-04-14,1,0.1080
2017-04-14,3,0.0751
2017-04-14,7,0.0501
2017-04-14,14,0.0422
2017-04-14,30,0.0237
2017-04-14,60,0.0105
2017-04-14,90,0.0053
2017-04-14,120,0.0000
2017-04-14,150,0.0000
2017-04-14,180,0.0000

2017-04-15,1,0.1149
2017-04-15,3,0.0752
2017-04-15,7,0.0553
2017-04-15,14,0.0326
2017-04-15,30,0.0213
2017-04-15,60,0.0128
2017-04-15,90,0.0043
2017-04-15,120,0.0000
2017-04-15,150,0.0000
2017-04-15,180,0.0000

2017-04-16,1,0.1095
2017-04-16,3,0.0588
2017-04-16,7,0.0490
2017-04-16,14,0.0458
2017-04-16,30,0.0327
2017-04-16,60,0.0196
2017-04-16,90,0.0082
2017-04-16,120,0.0000
2017-04-16,150,0.0000
2017-04-16,180,0.0000

2017-04-17,1,0.1099
2017-04-17,3,0.0791
2017-04-17,7,0.0617
2017-04-17,14,0.0496
2017-04-17,30,0.0335
2017-04-17,60,0.0147
2017-04-17,90,0.0080
2017-04-17,120,0.0000
2017-04-17,150,0.0000
2017-04-17,180,0.0000

2017-04-18,1,0.1160
2017-04-18,3,0.0785
2017-04-18,7,0.0637
2017-04-18,14,0.0478
2017-04-18,30,0.0364
2017-04-18,60,0.0182
2017-04-18,90,0.0068
2017-04-18,120,0.0000
2017-04-18,150,0.0000
2017-04-18,180,0.0000

2017-04-19,1,0.1391
2017-04-19,3,0.1000
2017-04-19,7,0.0793
2017-04-19,14,0.0701
2017-04-19,30,0.0471
2017-04-19,60,0.0253
2017-04-19,90,0.0046
2017-04-19,120,0.0000
2017-04-19,150,0.0000
2017-04-19,180,0.0000

2017-04-20,1,0.1174
2017-04-20,3,0.0770
2017-04-20,7,0.0530
2017-04-20,14,0.0467
2017-04-20,30,0.0354
2017-04-20,60,0.0227
2017-04-20,90,0.0101
2017-04-20,120,0.0000
2017-04-20,150,0.0000
2017-04-20,180,0.0000

2017-04-21,1,0.1201
2017-04-21,3,0.0907
2017-04-21,7,0.0588
2017-04-21,14,0.0441
2017-04-21,30,0.0319
2017-04-21,60,0.0233
2017-04-21,90,0.0110
2017-04-21,120,0.0000
2017-04-21,150,0.0000
2017-04-21,180,0.0000

2017-04-22,1,0.1195
2017-04-22,3,0.0759
2017-04-22,7,0.0646
2017-04-22,14,0.0533
2017-04-22,30,0.0372
2017-04-22,60,0.0242
2017-04-22,90,0.0129
2017-04-22,120,0.0000
2017-04-22,150,0.0000
2017-04-22,180,0.0000

2017-04-23,1,0.1272
2017-04-23,3,0.0843
2017-04-23,7,0.0666
2017-04-23,14,0.0577
2017-04-23,30,0.0473
2017-04-23,60,0.0251
2017-04-23,90,0.0148
2017-04-23,120,0.0000
2017-04-23,150,0.0000
2017-04-23,180,0.0000

2017-04-24,1,0.1097
2017-04-24,3,0.0793
2017-04-24,7,0.0627
2017-04-24,14,0.0500
2017-04-24,30,0.0362
2017-04-24,60,0.0186
2017-04-24,90,0.0088
2017-04-24,120,0.0000
2017-04-24,150,0.0000
2017-04-24,180,0.0000

2017-04-25,1,0.1145
2017-04-25,3,0.0813
2017-04-25,7,0.0596
2017-04-25,14,0.0378
2017-04-25,30,0.0218
2017-04-25,60,0.0137
2017-04-25,90,0.0069
2017-04-25,120,0.0000
2017-04-25,150,0.0000
2017-04-25,180,0.0000

2017-04-26,1,0.0973
2017-04-26,3,0.0637
2017-04-26,7,0.0498
2017-04-26,14,0.0348
2017-04-26,30,0.0220
2017-04-26,60,0.0104
2017-04-26,90,0.0093
2017-04-26,120,0.0000
2017-04-26,150,0.0000
2017-04-26,180,0.0000

2017-04-27,1,0.1160
2017-04-27,3,0.0766
2017-04-27,7,0.0608
2017-04-27,14,0.0473
2017-04-27,30,0.0360
2017-04-27,60,0.0180
2017-04-27,90,0.0079
2017-04-27,120,0.0000
2017-04-27,150,0.0000
2017-04-27,180,0.0000

2017-04-28,1,0.1329
2017-04-28,3,0.0944
2017-04-28,7,0.0621
2017-04-28,14,0.0522
2017-04-28,30,0.0373
2017-04-28,60,0.0186
2017-04-28,90,0.0050
2017-04-28,120,0.0000
2017-04-28,150,0.0000
2017-04-28,180,0.0000

2017-04-29,1,0.1008
2017-04-29,3,0.0605
2017-04-29,7,0.0543
2017-04-29,14,0.0388
2017-04-29,30,0.0295
2017-04-29,60,0.0140
2017-04-29,90,0.0093
2017-04-29,120,0.0000
2017-04-29,150,0.0000
2017-04-29,180,0.0000

2017-04-30,1,0.1326
2017-04-30,3,0.0884
2017-04-30,7,0.0701
2017-04-30,14,0.0518
2017-04-30,30,0.0381
2017-04-30,60,0.0244
2017-04-30,90,0.0122
2017-04-30,120,0.0000
2017-04-30,150,0.0000
2017-04-30,180,0.0000

2017-05-01,1,0.1183
2017-05-01,3,0.0778
2017-05-01,7,0.0674
2017-05-01,14,0.0464
2017-05-01,30,0.0374
2017-05-01,60,0.0195
2017-05-01,90,0.0120
2017-05-01,120,0.0000
2017-05-01,150,0.0000
2017-05-01,180,0.0000

2017-05-02,1,0.1372
2017-05-02,3,0.1013
2017-05-02,7,0.0852
2017-05-02,14,0.0700
2017-05-02,30,0.0529
2017-05-02,60,0.0269
2017-05-02,90,0.0152
2017-05-02,120,0.0000
2017-05-02,150,0.0000
2017-05-02,180,0.0000

2017-05-03,1,0.1266
2017-05-03,3,0.0794
2017-05-03,7,0.0569
2017-05-03,14,0.0376
2017-05-03,30,0.0225
2017-05-03,60,0.0118
2017-05-03,90,0.0054
2017-05-03,120,0.0000
2017-05-03,150,0.0000
2017-05-03,180,0.0000

2017-05-04,1,0.1189
2017-05-04,3,0.0823
2017-05-04,7,0.0606
2017-05-04,14,0.0457
2017-05-04,30,0.0354
2017-05-04,60,0.0103
2017-05-04,90,0.0069
2017-05-04,120,0.0000
2017-05-04,150,0.0000
2017-05-04,180,0.0000

2017-05-05,1,0.1011
2017-05-05,3,0.0683
2017-05-05,7,0.0443
2017-05-05,14,0.0319
2017-05-05,30,0.0213
2017-05-05,60,0.0098
2017-05-05,90,0.0018
2017-05-05,120,0.0000
2017-05-05,150,0.0000
2017-05-05,180,0.0000

2017-05-06,1,0.1101
2017-05-06,3,0.0618
2017-05-06,7,0.0392
2017-05-06,14,0.0256
2017-05-06,30,0.0106
2017-05-06,60,0.0045
2017-05-06,90,0.0030
2017-05-06,120,0.0000
2017-05-06,150,0.0000
2017-05-06,180,0.0000

2017-05-07,1,0.1198
2017-05-07,3,0.0750
2017-05-07,7,0.0476
2017-05-07,14,0.0390
2017-05-07,30,0.0260
2017-05-07,60,0.0115
2017-05-07,90,0.0043
2017-05-07,120,0.0000
2017-05-07,150,0.0000
2017-05-07,180,0.0000

2017-05-08,1,0.1488
2017-05-08,3,0.0893
2017-05-08,7,0.0631
2017-05-08,14,0.0476
2017-05-08,30,0.0310
2017-05-08,60,0.0095
2017-05-08,90,0.0060
2017-05-08,120,0.0000
2017-05-08,150,0.0000
2017-05-08,180,0.0000

2017-05-09,1,0.1231
2017-05-09,3,0.0743
2017-05-09,7,0.0541
2017-05-09,14,0.0414
2017-05-09,30,0.0287
2017-05-09,60,0.0106
2017-05-09,90,0.0032
2017-05-09,120,0.0000
2017-05-09,150,0.0000
2017-05-09,180,0.0000

2017-05-10,1,0.1086
2017-05-10,3,0.0743
2017-05-10,7,0.0565
2017-05-10,14,0.0399
2017-05-10,30,0.0288
2017-05-10,60,0.0122
2017-05-10,90,0.0022
2017-05-10,120,0.0000
2017-05-10,150,0.0000
2017-05-10,180,0.0000

2017-05-11,1,0.1183
2017-05-11,3,0.0712
2017-05-11,7,0.0581
2017-05-11,14,0.0416
2017-05-11,30,0.0241
2017-05-11,60,0.0099
2017-05-11,90,0.0055
2017-05-11,120,0.0000
2017-05-11,150,0.0000
2017-05-11,180,0.0000

2017-05-12,1,0.1177
2017-05-12,3,0.0866
2017-05-12,7,0.0663
2017-05-12,14,0.0514
2017-05-12,30,0.0217
2017-05-12,60,0.0081
2017-05-12,90,0.0041
2017-05-12,120,0.0000
2017-05-12,150,0.0000
2017-05-12,180,0.0000

2017-05-13,1,0.1172
2017-05-13,3,0.0655
2017-05-13,7,0.0569
2017-05-13,14,0.0379
2017-05-13,30,0.0276
2017-05-13,60,0.0086
2017-05-13,90,0.0000
2017-05-13,120,0.0000
2017-05-13,150,0.0000
2017-05-13,180,0.0000

2017-05-14,1,0.1051
2017-05-14,3,0.0772
2017-05-14,7,0.0640
2017-05-14,14,0.0558
2017-05-14,30,0.0411
2017-05-14,60,0.0115
2017-05-14,90,0.0000
2017-05-14,120,0.0000
2017-05-14,150,0.0000
2017-05-14,180,0.0000

2017-05-15,1,0.1176
2017-05-15,3,0.0788
2017-05-15,7,0.0526
2017-05-15,14,0.0375
2017-05-15,30,0.0213
2017-05-15,60,0.0075
2017-05-15,90,0.0000
2017-05-15,120,0.0000
2017-05-15,150,0.0000
2017-05-15,180,0.0000

2017-05-16,1,0.1147
2017-05-16,3,0.0733
2017-05-16,7,0.0573
2017-05-16,14,0.0440
2017-05-16,30,0.0280
2017-05-16,60,0.0133
2017-05-16,90,0.0000
2017-05-16,120,0.0000
2017-05-16,150,0.0000
2017-05-16,180,0.0000

2017-05-17,1,0.1194
2017-05-17,3,0.0724
2017-05-17,7,0.0531
2017-05-17,14,0.0434
2017-05-17,30,0.0290
2017-05-17,60,0.0193
2017-05-17,90,0.0000
2017-05-17,120,0.0000
2017-05-17,150,0.0000
2017-05-17,180,0.0000

2017-05-18,1,0.1035
2017-05-18,3,0.0608
2017-05-18,7,0.0453
2017-05-18,14,0.0388
2017-05-18,30,0.0207
2017-05-18,60,0.0103
2017-05-18,90,0.0000
2017-05-18,120,0.0000
2017-05-18,150,0.0000
2017-05-18,180,0.0000

2017-05-19,1,0.1464
2017-05-19,3,0.0997
2017-05-19,7,0.0706
2017-05-19,14,0.0550
2017-05-19,30,0.0363
2017-05-19,60,0.0177
2017-05-19,90,0.0000
2017-05-19,120,0.0000
2017-05-19,150,0.0000
2017-05-19,180,0.0000

2017-05-20,1,0.1096
2017-05-20,3,0.0674
2017-05-20,7,0.0534
2017-05-20,14,0.0421
2017-05-20,30,0.0295
2017-05-20,60,0.0197
2017-05-20,90,0.0000
2017-05-20,120,0.0000
2017-05-20,150,0.0000
2017-05-20,180,0.0000

2017-05-21,1,0.1444
2017-05-21,3,0.0931
2017-05-21,7,0.0702
2017-05-21,14,0.0445
2017-05-21,30,0.0243
2017-05-21,60,0.0108
2017-05-21,90,0.0000
2017-05-21,120,0.0000
2017-05-21,150,0.0000
2017-05-21,180,0.0000

2017-05-22,1,0.1318
2017-05-22,3,0.0836
2017-05-22,7,0.0675
2017-05-22,14,0.0450
2017-05-22,30,0.0300
2017-05-22,60,0.0139
2017-05-22,90,0.0000
2017-05-22,120,0.0000
2017-05-22,150,0.0000
2017-05-22,180,0.0000

2017-05-23,1,0.1089
2017-05-23,3,0.0781
2017-05-23,7,0.0638
2017-05-23,14,0.0473
2017-05-23,30,0.0275
2017-05-23,60,0.0143
2017-05-23,90,0.0000
2017-05-23,120,0.0000
2017-05-23,150,0.0000
2017-05-23,180,0.0000

2017-05-24,1,0.1308
2017-05-24,3,0.0844
2017-05-24,7,0.0685
2017-05-24,14,0.0513
2017-05-24,30,0.0306
2017-05-24,60,0.0244
2017-05-24,90,0.0000
2017-05-24,120,0.0000
2017-05-24,150,0.0000
2017-05-24,180,0.0000

2017-05-25,1,0.1250
2017-05-25,3,0.0802
2017-05-25,7,0.0611
2017-05-25,14,0.0421
2017-05-25,30,0.0217
2017-05-25,60,0.0122
2017-05-25,90,0.0000
2017-05-25,120,0.0000
2017-05-25,150,0.0000
2017-05-25,180,0.0000

2017-05-26,1,0.1057
2017-05-26,3,0.0863
2017-05-26,7,0.0625
2017-05-26,14,0.0476
2017-05-26,30,0.0298
2017-05-26,60,0.0119
2017-05-26,90,0.0000
2017-05-26,120,0.0000
2017-05-26,150,0.0000
2017-05-26,180,0.0000

2017-05-27,1,0.1177
2017-05-27,3,0.0816
2017-05-27,7,0.0691
2017-05-27,14,0.0597
2017-05-27,30,0.0440
2017-05-27,60,0.0235
2017-05-27,90,0.0000
2017-05-27,120,0.0000
2017-05-27,150,0.0000
2017-05-27,180,0.0000

2017-05-28,1,0.0940
2017-05-28,3,0.0575
2017-05-28,7,0.0379
2017-05-28,14,0.0309
2017-05-28,30,0.0154
2017-05-28,60,0.0084
2017-05-28,90,0.0000
2017-05-28,120,0.0000
2017-05-28,150,0.0000
2017-05-28,180,0.0000

2017-05-29,1,0.1090
2017-05-29,3,0.0614
2017-05-29,7,0.0455
2017-05-29,14,0.0381
2017-05-29,30,0.0180
2017-05-29,60,0.0106
2017-05-29,90,0.0000
2017-05-29,120,0.0000
2017-05-29,150,0.0000
2017-05-29,180,0.0000

2017-05-30,1,0.1183
2017-05-30,3,0.0728
2017-05-30,7,0.0571
2017-05-30,14,0.0447
2017-05-30,30,0.0199
2017-05-30,60,0.0108
2017-05-30,90,0.0000
2017-05-30,120,0.0000
2017-05-30,150,0.0000
2017-05-30,180,0.0000

2017-05-31,1,0.1107
2017-05-31,3,0.0682
2017-05-31,7,0.0503
2017-05-31,14,0.0358
2017-05-31,30,0.0179
2017-05-31,60,0.0123
2017-05-31,90,0.0000
2017-05-31,120,0.0000
2017-05-31,150,0.0000
2017-05-31,180,0.0000

2017-06-01,1,0.1081
2017-06-01,3,0.0666
2017-06-01,7,0.0513
2017-06-01,14,0.0338
2017-06-01,30,0.0175
2017-06-01,60,0.0076
2017-06-01,90,0.0000
2017-06-01,120,0.0000
2017-06-01,150,0.0000
2017-06-01,180,0.0000

2017-06-02,1,0.0942
2017-06-02,3,0.0632
2017-06-02,7,0.0471
2017-06-02,14,0.0375
2017-06-02,30,0.0193
2017-06-02,60,0.0107
2017-06-02,90,0.0000
2017-06-02,120,0.0000
2017-06-02,150,0.0000
2017-06-02,180,0.0000

2017-06-03,1,0.1224
2017-06-03,3,0.0763
2017-06-03,7,0.0697
2017-06-03,14,0.0487
2017-06-03,30,0.0250
2017-06-03,60,0.0105
2017-06-03,90,0.0000
2017-06-03,120,0.0000
2017-06-03,150,0.0000
2017-06-03,180,0.0000

2017-06-04,1,0.1067
2017-06-04,3,0.0697
2017-06-04,7,0.0555
2017-06-04,14,0.0413
2017-06-04,30,0.0242
2017-06-04,60,0.0071
2017-06-04,90,0.0000
2017-06-04,120,0.0000
2017-06-04,150,0.0000
2017-06-04,180,0.0000

2017-06-05,1,0.0904
2017-06-05,3,0.0650
2017-06-05,7,0.0507
2017-06-05,14,0.0331
2017-06-05,30,0.0198
2017-06-05,60,0.0077
2017-06-05,90,0.0000
2017-06-05,120,0.0000
2017-06-05,150,0.0000
2017-06-05,180,0.0000

2017-06-06,1,0.1042
2017-06-06,3,0.0704
2017-06-06,7,0.0603
2017-06-06,14,0.0457
2017-06-06,30,0.0210
2017-06-06,60,0.0064
2017-06-06,90,0.0000
2017-06-06,120,0.0000
2017-06-06,150,0.0000
2017-06-06,180,0.0000

2017-06-07,1,0.1018
2017-06-07,3,0.0642
2017-06-07,7,0.0450
2017-06-07,14,0.0303
2017-06-07,30,0.0119
2017-06-07,60,0.0037
2017-06-07,90,0.0000
2017-06-07,120,0.0000
2017-06-07,150,0.0000
2017-06-07,180,0.0000

2017-06-08,1,0.1071
2017-06-08,3,0.0657
2017-06-08,7,0.0445
2017-06-08,14,0.0318
2017-06-08,30,0.0148
2017-06-08,60,0.0074
2017-06-08,90,0.0000
2017-06-08,120,0.0000
2017-06-08,150,0.0000
2017-06-08,180,0.0000

2017-06-09,1,0.0903
2017-06-09,3,0.0686
2017-06-09,7,0.0468
2017-06-09,14,0.0413
2017-06-09,30,0.0229
2017-06-09,60,0.0098
2017-06-09,90,0.0000
2017-06-09,120,0.0000
2017-06-09,150,0.0000
2017-06-09,180,0.0000

2017-06-10,1,0.0810
2017-06-10,3,0.0430
2017-06-10,7,0.0331
2017-06-10,14,0.0231
2017-06-10,30,0.0099
2017-06-10,60,0.0033
2017-06-10,90,0.0000
2017-06-10,120,0.0000
2017-06-10,150,0.0000
2017-06-10,180,0.0000

2017-06-11,1,0.1173
2017-06-11,3,0.0653
2017-06-11,7,0.0503
2017-06-11,14,0.0385
2017-06-11,30,0.0235
2017-06-11,60,0.0067
2017-06-11,90,0.0000
2017-06-11,120,0.0000
2017-06-11,150,0.0000
2017-06-11,180,0.0000

2017-06-12,1,0.1087
2017-06-12,3,0.0763
2017-06-12,7,0.0601
2017-06-12,14,0.0382
2017-06-12,30,0.0173
2017-06-12,60,0.0000
2017-06-12,90,0.0000
2017-06-12,120,0.0000
2017-06-12,150,0.0000
2017-06-12,180,0.0000

2017-06-13,1,0.1227
2017-06-13,3,0.0706
2017-06-13,7,0.0521
2017-06-13,14,0.0413
2017-06-13,30,0.0185
2017-06-13,60,0.0000
2017-06-13,90,0.0000
2017-06-13,120,0.0000
2017-06-13,150,0.0000
2017-06-13,180,0.0000

2017-06-14,1,0.1201
2017-06-14,3,0.0693
2017-06-14,7,0.0531
2017-06-14,14,0.0335
2017-06-14,30,0.0104
2017-06-14,60,0.0000
2017-06-14,90,0.0000
2017-06-14,120,0.0000
2017-06-14,150,0.0000
2017-06-14,180,0.0000

2017-06-15,1,0.1019
2017-06-15,3,0.0630
2017-06-15,7,0.0462
2017-06-15,14,0.0368
2017-06-15,30,0.0210
2017-06-15,60,0.0000
2017-06-15,90,0.0000
2017-06-15,120,0.0000
2017-06-15,150,0.0000
2017-06-15,180,0.0000

2017-06-16,1,0.1107
2017-06-16,3,0.0816
2017-06-16,7,0.0557
2017-06-16,14,0.0372
2017-06-16,30,0.0194
2017-06-16,60,0.0000
2017-06-16,90,0.0000
2017-06-16,120,0.0000
2017-06-16,150,0.0000
2017-06-16,180,0.0000

2017-06-17,1,0.0967
2017-06-17,3,0.0534
2017-06-17,7,0.0404
2017-06-17,14,0.0289
2017-06-17,30,0.0115
2017-06-17,60,0.0000
2017-06-17,90,0.0000
2017-06-17,120,0.0000
2017-06-17,150,0.0000
2017-06-17,180,0.0000

2017-06-18,1,0.1055
2017-06-18,3,0.0591
2017-06-18,7,0.0450
2017-06-18,14,0.0309
2017-06-18,30,0.0169
2017-06-18,60,0.0000
2017-06-18,90,0.0000
2017-06-18,120,0.0000
2017-06-18,150,0.0000
2017-06-18,180,0.0000

2017-06-19,1,0.0905
2017-06-19,3,0.0617
2017-06-19,7,0.0453
2017-06-19,14,0.0350
2017-06-19,30,0.0237
2017-06-19,60,0.0000
2017-06-19,90,0.0000
2017-06-19,120,0.0000
2017-06-19,150,0.0000
2017-06-19,180,0.0000

2017-06-20,1,0.0854
2017-06-20,3,0.0462
2017-06-20,7,0.0340
2017-06-20,14,0.0262
2017-06-20,30,0.0139
2017-06-20,60,0.0000
2017-06-20,90,0.0000
2017-06-20,120,0.0000
2017-06-20,150,0.0000
2017-06-20,180,0.0000

2017-06-21,1,0.1208
2017-06-21,3,0.0766
2017-06-21,7,0.0519
2017-06-21,14,0.0325
2017-06-21,30,0.0182
2017-06-21,60,0.0000
2017-06-21,90,0.0000
2017-06-21,120,0.0000
2017-06-21,150,0.0000
2017-06-21,180,0.0000

2017-06-22,1,0.0953
2017-06-22,3,0.0551
2017-06-22,7,0.0306
2017-06-22,14,0.0219
2017-06-22,30,0.0105
2017-06-22,60,0.0000
2017-06-22,90,0.0000
2017-06-22,120,0.0000
2017-06-22,150,0.0000
2017-06-22,180,0.0000

2017-06-23,1,0.0915
2017-06-23,3,0.0626
2017-06-23,7,0.0378
2017-06-23,14,0.0258
2017-06-23,30,0.0199
2017-06-23,60,0.0000
2017-06-23,90,0.0000
2017-06-23,120,0.0000
2017-06-23,150,0.0000
2017-06-23,180,0.0000

2017-06-24,1,0.1330
2017-06-24,3,0.0803
2017-06-24,7,0.0540
2017-06-24,14,0.0374
2017-06-24,30,0.0291
2017-06-24,60,0.0000
2017-06-24,90,0.0000
2017-06-24,120,0.0000
2017-06-24,150,0.0000
2017-06-24,180,0.0000

2017-06-25,1,0.1046
2017-06-25,3,0.0523
2017-06-25,7,0.0431
2017-06-25,14,0.0338
2017-06-25,30,0.0215
2017-06-25,60,0.0000
2017-06-25,90,0.0000
2017-06-25,120,0.0000
2017-06-25,150,0.0000
2017-06-25,180,0.0000

2017-06-26,1,0.1033
2017-06-26,3,0.0539
2017-06-26,7,0.0384
2017-06-26,14,0.0219
2017-06-26,30,0.0128
2017-06-26,60,0.0000
2017-06-26,90,0.0000
2017-06-26,120,0.0000
2017-06-26,150,0.0000
2017-06-26,180,0.0000

2017-06-27,1,0.1103
2017-06-27,3,0.0588
2017-06-27,7,0.0404
2017-06-27,14,0.0184
2017-06-27,30,0.0147
2017-06-27,60,0.0000
2017-06-27,90,0.0000
2017-06-27,120,0.0000
2017-06-27,150,0.0000
2017-06-27,180,0.0000

2017-06-28,1,0.1014
2017-06-28,3,0.0590
2017-06-28,7,0.0474
2017-06-28,14,0.0249
2017-06-28,30,0.0241
2017-06-28,60,0.0000
2017-06-28,90,0.0000
2017-06-28,120,0.0000
2017-06-28,150,0.0000
2017-06-28,180,0.0000

2017-06-29,1,0.1026
2017-06-29,3,0.0572
2017-06-29,7,0.0336
2017-06-29,14,0.0182
2017-06-29,30,0.0173
2017-06-29,60,0.0000
2017-06-29,90,0.0000
2017-06-29,120,0.0000
2017-06-29,150,0.0000
2017-06-29,180,0.0000

2017-06-30,1,0.0973
2017-06-30,3,0.0597
2017-06-30,7,0.0332
2017-06-30,14,0.0232
2017-06-30,30,0.0210
2017-06-30,60,0.0000
2017-06-30,90,0.0000
2017-06-30,120,0.0000
2017-06-30,150,0.0000
2017-06-30,180,0.0000

2017-07-01,1,0.1091
2017-07-01,3,0.0664
2017-07-01,7,0.0428
2017-07-01,14,0.0280
2017-07-01,30,0.0162
2017-07-01,60,0.0000
2017-07-01,90,0.0000
2017-07-01,120,0.0000
2017-07-01,150,0.0000
2017-07-01,180,0.0000

2017-07-02,1,0.1172
2017-07-02,3,0.0674
2017-07-02,7,0.0417
2017-07-02,14,0.0241
2017-07-02,30,0.0177
2017-07-02,60,0.0000
2017-07-02,90,0.0000
2017-07-02,120,0.0000
2017-07-02,150,0.0000
2017-07-02,180,0.0000

2017-07-03,1,0.1259
2017-07-03,3,0.0688
2017-07-03,7,0.0381
2017-07-03,14,0.0275
2017-07-03,30,0.0233
2017-07-03,60,0.0000
2017-07-03,90,0.0000
2017-07-03,120,0.0000
2017-07-03,150,0.0000
2017-07-03,180,0.0000

2017-07-04,1,0.1089
2017-07-04,3,0.0662
2017-07-04,7,0.0331
2017-07-04,14,0.0245
2017-07-04,30,0.0149
2017-07-04,60,0.0000
2017-07-04,90,0.0000
2017-07-04,120,0.0000
2017-07-04,150,0.0000
2017-07-04,180,0.0000

2017-07-05,1,0.1021
2017-07-05,3,0.0549
2017-07-05,7,0.0308
2017-07-05,14,0.0308
2017-07-05,30,0.0222
2017-07-05,60,0.0000
2017-07-05,90,0.0000
2017-07-05,120,0.0000
2017-07-05,150,0.0000
2017-07-05,180,0.0000

2017-07-06,1,0.0922
2017-07-06,3,0.0519
2017-07-06,7,0.0254
2017-07-06,14,0.0254
2017-07-06,30,0.0127
2017-07-06,60,0.0000
2017-07-06,90,0.0000
2017-07-06,120,0.0000
2017-07-06,150,0.0000
2017-07-06,180,0.0000

2017-07-07,1,0.1158
2017-07-07,3,0.0707
2017-07-07,7,0.0350
2017-07-07,14,0.0350
2017-07-07,30,0.0109
2017-07-07,60,0.0000
2017-07-07,90,0.0000
2017-07-07,120,0.0000
2017-07-07,150,0.0000
2017-07-07,180,0.0000

2017-07-08,1,0.0826
2017-07-08,3,0.0348
2017-07-08,7,0.0249
2017-07-08,14,0.0249
2017-07-08,30,0.0169
2017-07-08,60,0.0000
2017-07-08,90,0.0000
2017-07-08,120,0.0000
2017-07-08,150,0.0000
2017-07-08,180,0.0000

2017-07-09,1,0.0859
2017-07-09,3,0.0199
2017-07-09,7,0.0199
2017-07-09,14,0.0199
2017-07-09,30,0.0075
2017-07-09,60,0.0000
2017-07-09,90,0.0000
2017-07-09,120,0.0000
2017-07-09,150,0.0000
2017-07-09,180,0.0000

2017-07-10,1,0.0844
2017-07-10,3,0.0328
2017-07-10,7,0.0328
2017-07-10,14,0.0328
2017-07-10,30,0.0109
2017-07-10,60,0.0000
2017-07-10,90,0.0000
2017-07-10,120,0.0000
2017-07-10,150,0.0000
2017-07-10,180,0.0000

2017-07-11,1,0.0150
2017-07-11,3,0.0150
2017-07-11,7,0.0150
2017-07-11,14,0.0150
2017-07-11,30,0.0075
2017-07-11,60,0.0000
2017-07-11,90,0.0000
2017-07-11,120,0.0000
2017-07-11,150,0.0000
2017-07-11,180,0.0000

2017-07-27,1,0.3527
2017-07-27,3,0.2552
2017-07-27,7,0.2002
2017-07-27,14,0.0820
2017-07-27,30,0.0000
2017-07-27,60,0.0000
2017-07-27,90,0.0000
2017-07-27,120,0.0000
2017-07-27,150,0.0000
2017-07-27,180,0.0000

2017-07-28,1,0.1581
2017-07-28,3,0.1152
2017-07-28,7,0.0731
2017-07-28,14,0.0000
2017-07-28,30,0.0000
2017-07-28,60,0.0000
2017-07-28,90,0.0000
2017-07-28,120,0.0000
2017-07-28,150,0.0000
2017-07-28,180,0.0000

2017-07-29,1,0.1309
2017-07-29,3,0.0739
2017-07-29,7,0.0486
2017-07-29,14,0.0000
2017-07-29,30,0.0000
2017-07-29,60,0.0000
2017-07-29,90,0.0000
2017-07-29,120,0.0000
2017-07-29,150,0.0000
2017-07-29,180,0.0000

2017-07-30,1,0.1168
2017-07-30,3,0.0616
2017-07-30,7,0.0389
2017-07-30,14,0.0000
2017-07-30,30,0.0000
2017-07-30,60,0.0000
2017-07-30,90,0.0000
2017-07-30,120,0.0000
2017-07-30,150,0.0000
2017-07-30,180,0.0000

2017-07-31,1,0.1257
2017-07-31,3,0.0715
2017-07-31,7,0.0444
2017-07-31,14,0.0000
2017-07-31,30,0.0000
2017-07-31,60,0.0000
2017-07-31,90,0.0000
2017-07-31,120,0.0000
2017-07-31,150,0.0000
2017-07-31,180,0.0000

2017-08-01,1,0.1061
2017-08-01,3,0.0514
2017-08-01,7,0.0322
2017-08-01,14,0.0000
2017-08-01,30,0.0000
2017-08-01,60,0.0000
2017-08-01,90,0.0000
2017-08-01,120,0.0000
2017-08-01,150,0.0000
2017-08-01,180,0.0000

2017-08-02,1,0.1051
2017-08-02,3,0.0550
2017-08-02,7,0.0218
2017-08-02,14,0.0000
2017-08-02,30,0.0000
2017-08-02,60,0.0000
2017-08-02,90,0.0000
2017-08-02,120,0.0000
2017-08-02,150,0.0000
2017-08-02,180,0.0000

2017-08-03,1,0.0931
2017-08-03,3,0.0509
2017-08-03,7,0.0095
2017-08-03,14,0.0000
2017-08-03,30,0.0000
2017-08-03,60,0.0000
2017-08-03,90,0.0000
2017-08-03,120,0.0000
2017-08-03,150,0.0000
2017-08-03,180,0.0000

2017-08-04,1,0.0951
2017-08-04,3,0.0457
2017-08-04,7,0.0000
2017-08-04,14,0.0000
2017-08-04,30,0.0000
2017-08-04,60,0.0000
2017-08-04,90,0.0000
2017-08-04,120,0.0000
2017-08-04,150,0.0000
2017-08-04,180,0.0000

2017-08-05,1,0.0852
2017-08-05,3,0.0288
2017-08-05,7,0.0000
2017-08-05,14,0.0000
2017-08-05,30,0.0000
2017-08-05,60,0.0000
2017-08-05,90,0.0000
2017-08-05,120,0.0000
2017-08-05,150,0.0000
2017-08-05,180,0.0000

2017-08-06,1,0.0662
2017-08-06,3,0.0199
2017-08-06,7,0.0000
2017-08-06,14,0.0000
2017-08-06,30,0.0000
2017-08-06,60,0.0000
2017-08-06,90,0.0000
2017-08-06,120,0.0000
2017-08-06,150,0.0000
2017-08-06,180,0.0000

2017-08-07,1,0.0899
2017-08-07,3,0.0145
2017-08-07,7,0.0000
2017-08-07,14,0.0000
2017-08-07,30,0.0000
2017-08-07,60,0.0000
2017-08-07,90,0.0000
2017-08-07,120,0.0000
2017-08-07,150,0.0000
2017-08-07,180,0.0000

2017-08-08,1,0.0762
2017-08-08,3,0.0000
2017-08-08,7,0.0000
2017-08-08,14,0.0000
2017-08-08,30,0.0000
2017-08-08,60,0.0000
2017-08-08,90,0.0000
2017-08-08,120,0.0000
2017-08-08,150,0.0000
2017-08-08,180,0.0000

2017-08-09,1,0.0519
2017-08-09,3,0.0000
2017-08-09,7,0.0000
2017-08-09,14,0.0000
2017-08-09,30,0.0000
2017-08-09,60,0.0000
2017-08-09,90,0.0000
2017-08-09,120,0.0000
2017-08-09,150,0.0000
2017-08-09,180,0.0000

2017-08-10,1,0.0000
2017-08-10,3,0.0000
2017-08-10,7,0.0000
2017-08-10,14,0.0000
2017-08-10,30,0.0000
2017-08-10,60,0.0000
2017-08-10,90,0.0000
2017-08-10,120,0.0000
2017-08-10,150,0.0000
2017-08-10,180,0.0000

